product_id,customer_id,customer_name,rating,title,content,thank_count,created_at
274793000,8356798,Nguyen Nhat Tan,1,Rất không hài lòng,Mới dùng được 5 tháng là hư rồi,0,1744861659
274793000,17702652,Phạm Ngọc Lan,4,Hài lòng,"Đun sôi nhanh
Hình ảnh mang tính minh hoạ",0,1740841228
274793000,1111511,Võ Văn Kỳ,5,Cực kì hài lòng,"Đóng gói cẩn thận, giao hàng nhanh, dùng tốt.",0,1746671690
274793000,83719,Đàm  Thị Minh Phượng,5,Cực kì hài lòng,,0,1749369348
274793000,26509389,Khanh Khánh An,5,Cực kì hài lòng,,0,1748160795
274793000,7416744,Nguyễn Vinh Dũng,5,Cực kì hài lòng,,0,1746661839
274793000,5593135,Võ Phước Hưng,5,Cực kì hài lòng,,0,1738574796
274793000,11846714,Trần Huỳnh Minh Hảo,4,Hài lòng,,0,1735178985
274793000,884998,Nguyễn Hùng Cường,5,Cực kì hài lòng,,0,1734645129
274793000,30149300,Trần ngọc tân,5,Cực kì hài lòng,,0,1731577902
274793000,6363184,Đỗ Vân Anh,5,Cực kì hài lòng,,0,1725716661
70598289,10968958,Trần Thị Thêm,4,Hài lòng,ok,0,1644926843
11240242,12191363,Katina Vo,5,Cực kì hài lòng,Mình đặt hàng cho bạn ngay trước dịch. Shop giao rất nhanh. Nhờ bình này mà bạn mình nấu nước uống vì không thể đặt nước bình.,0,1656079160
11240242,15482655,Văn Công Minh,3,Bình thường,mình vừa nhận đc bình đánh giá mẫu mã cũng khá đẹp còn độ bền thì chưa sài lâu nên ko đánh giá đc. nhưng bình cách nhiệt ko tốt vì chạm vào thân bình khá là nóng khi nước trong bình đã được đun sôi.,1,1586657696
11240242,5946692,Đức Phạm,5,Cực kì hài lòng,"chất lượng tốt, thiết kế công tắt phía dưới có vẻ tốt hơn những loại có công tắt phía trên.",0,1619250561
11240242,1612992,Minh Đức,5,Cực kì hài lòng,"Đúng Strix, hàng ý hình, đang xài thâý ổn, hợp giá tiền",0,1621865449
11240242,10739598,Truong van bich,5,Cực kì hài lòng,,0,1641653892
11240242,1386057,Phạm Quốc Cường,5,Cực kì hài lòng,"Hàng chính hãng đẹp, nhanh sôi. Nhân viên giao hàng thân thiện.",0,1615779619
11240242,20607510,Ha nhat Tan,5,Cực kì hài lòng,Tiện lợi,0,1620228385
11240242,8711678,Mai Thang,4,Hài lòng,,0,1636072166
11240242,6963063,Lê Anh Đào,4,Hài lòng,,0,1630301761
11240242,12420166,Phạm Thị Ngọc Nga,5,Cực kì hài lòng,,0,1629078817
11240242,12010402,Thanh Thư,5,Cực kì hài lòng,đóng gói chắc chắn bình đẹp chưa xài nên chưa bt,0,1609047603
11240242,8133255,Viết Thuận,5,Cực kì hài lòng,,0,1628909018
11240242,12209312,Hùng kiến thức,5,Cực kì hài lòng,,0,1628860189
11240242,15328576,pham thuy trang ,5,Cực kì hài lòng,,0,1625288398
11240242,6172864,anh Đức,4,Hài lòng,,0,1623219117
11240242,1359923,Huỳnh Hoàng Sơn,5,Cực kì hài lòng,sản phẩm chất lượng giao hàng nhanh,0,1608829252
11240242,1769121,Nguyễn Huỳnh Ngọc Thanh,5,Cực kì hài lòng,,0,1620966515
11240242,10771459,Lê Khánh Diễn,5,Cực kì hài lòng,,0,1612188320
11240242,7863386,NGUYỄN DUY BÌNH,4,Hài lòng,,0,1606455066
11240242,14744518,Le Ngo,5,Cực kì hài lòng,"Đun siêu tốc tốt, thiết kế dày dặn, đẹp",0,1587013930
11240242,2076587,Quoc TranTan,5,Cực kì hài lòng,Rất tốt rất hài lòng chưa biết xài bao lâu,0,1586785013
11240242,14686551,Phan Thị Tú Ngoan,5,Cực kì hài lòng,,1,1601990878
11240242,2213003,Huyen Nguyen,5,Cực kì hài lòng,,0,1595391718
55638691,15489297,Gà Mập,5,"Hàng tốt, rất tin tưởng Tiki","mua ship về quê tặng ba mẹ rất thích. Anh giao hàng nhiệt tình vui vẻ, hàng đóng gói cẩn thận.",0,1606481608
199576540,12313302,Nguyễn Mậu Song,5,Cực kì hài lòng,"Sản phẩm tốt giá rẻ giao hàng nhanh 
Mn nên mua nhé 
Cảm ơn shop and tiki 
Taw 5 sao",0,1690529351
35433521,19577358,Phan ngọc anh,5,Cực kì hài lòng,,0,1612446909
35433521,7632765,Jo Young Eun,5,Cực kì hài lòng,,0,1607840487
151949484,18177245,pham hoang long,5,Cực kì hài lòng,,0,1663911008
151949484,11021974,Hàn Ni,5,Cực kì hài lòng,Ấm đẹp giao nhanh tư vấn nhiệt tình,0,1648818597
151949484,414286,VŨ THỊ DIỆU THÚY,5,Cực kì hài lòng,,0,1661383754
151949484,26748538,Vu Thao,5,Cực kì hài lòng,,1,1647138906
115942045,6561905,Chu Minh,4,Hài lòng,,0,1657689857
115942045,6225066,Giáp Hoàng Anh,5,Cực kì hài lòng,Hàng tốt hàng tốt hàng tốt hàng tốt,0,1633749847
115942045,1518007,Binh Duong Duy,1,Rất không hài lòng,"Bộ lọc ko tốt, cafe có nhiu cặn",0,1635649341
274467550,7514815,TRINH DƯƠNG,5,Cực kì hài lòng,,0,1711899293
22179532,15758349,Tạ Dũng,3,Bình thường,Hàng bát tràng mà không thấy logo gốm bát tràng không biết hàng thật hay sao.,2,1578319448
74191568,27507431,Nguyễn Văn Hiệu,5,Cực kì hài lòng,Hình ảnh mang tính chất minh hoạ . Sản phẩm chất lượng oke . Tuy nhiên có 2 chỗ lỗi nhưng không sao cho shop 5 sao,0,1652711254
74191568,16226315,Hoàng Trung Hiếu,5,Cực kì hài lòng,Đẹp,0,1641543439
74191568,12298555,Lê Mạnh Cường,5,Cực kì hài lòng,"hàng rất ok, thanks shop",0,1610628821
74191568,14221633,bảo chiến,5,Cực kì hài lòng,,0,1619005276
452542,16283539,Nguyễn Hoàng Long,1,Hàng chưa sử dụng đã hư,Hàng mới mua chưa qua sử dụng cắm điện không lên nguồn,0,1581062229
452542,17505747,tuấn ong,5,Cực kì hài lòng,,0,1596966442
273135751,10036696,Bảo Anh,5,Cực kì hài lòng,"Săn sale 8-8
So sánh giá với sàn S đã trừ hết coupon thì Tiki vẫn rẻ hơn . Shop tư vấn tận tình . 
Tiki giao hàng sớm hơn dự kiến , sản phẩm chính hãng cực chất lượng.",0,1723275822
142239389,10959207,Bùi Đức Tài,5,Cực kì hài lòng,,0,1689577794
124696320,9795381,Dem Bo Vo,5,Cực kì hài lòng,,0,1719201799
124696320,27074071,Nguyen Thi Nhan,4,Hài lòng,Hàng đẹp.mà bị vở mất 1 cái chén nhỏ shop ạ,0,1661774664
124696320,12207992,phạm ngoan,5,Cực kì hài lòng,,0,1670231152
124696320,26457786,Lê Đức Đông,5,Cực kì hài lòng,"Sản phẩm tốt, đóng gói cẩn thận.",0,1646356200
124696320,20043465,nguyen vu ninh,4,Hài lòng,chất lượng tốt giá cả hợp lý,0,1639287619
124696320,55531,Nguyễn Cúc,5,Cực kì hài lòng,,0,1650339679
124696320,21712514,Phương Thùy,5,Cực kì hài lòng,,0,1645267714
124696320,16822659,Trịnh Phước Lộc,4,Hài lòng,,0,1645108643
124696320,10125738,Tùng Bách,5,Cực kì hài lòng,rất hài lòng,0,1638257930
124696320,17747917,Nguyễn Thị Phương,5,Cực kì hài lòng,,0,1640773084
124696320,1284328,Nguyễn Thị Thu Sương,5,Cực kì hài lòng,,0,1639663742
197144668,5931372,Lê Văn Dũng,4,Hài lòng,"Đẹp, chén hơi to, phù hợp với ai thích loại chén to",0,1675748611
172068617,22681000,nguyen vo,5,Cực kì hài lòng,,0,1667001877
172068617,7454393,Lê Thiện Thanh,5,Cực kì hài lòng,Ok,0,1653985612
174895843,22736148,Minh Chau,5,Cực kì hài lòng,"Mình siêu đẹp và chắc chắn lắm ạ, mình mua cho nhà mình ai cũng thích lắm, mn nên mua ạ. Hình này mình lấy tạm tại ấm đang được xài ùi😂",0,1669553549
174895843,2107212,Nguyễn Mậu Tân,5,Cực kì hài lòng,Gói hàng uy tín !,0,1675244531
174896749,5643705,Lê Thị Thảo,5,Cực kì hài lòng,"Ấm này xài đúng ngon, tiền nào của đấy, khác hẳn loại 2-300k😂. Thiết kế nhấn mở nắp tiện cho việc mở và lúc lấy nước nắp k tự đóng, mấy loại rẻ tiền phải giữ nắp khi châm nước. 
�Miệng rót nước tập trung k bị chảy toè ra. Màu trắng nhưng nhìn tinh tế cực. 
Âm thanh cực kì trầm, k bị ồn. 
Thời gian đun sôi hơn 1,7l là 5 phút. 
Vỏ nhựa hạn chế phỏng tay.
Tay cầm k bị gồng. Xưa mua loại rẻ nhìn thiết kế tay cầm giồng vầy nhưng khi châm nước cầm mỏi tay. Còn loại này thì không nhé. Sp đc đầu tư thiết kế nó khác thực sự
Đặc biệt là k bị rò nước.
Giao hàng nhanh
Thanks shop và Tiki",0,1664462534
174896749,22493602,Jam Jam,4,Hài lòng,"Sản phẩm bên trong  bằng nhựa,khá là tiếc biết vậy đặt inox, chỉ có thương hiệu là mình tin tưởng chứ bằng nhựa mà nấu trực tiếp như vậy khá là sợ bệnh về sau luôn á..",0,1707420581
183230534,30440752,Khanh Kim,5,Cực kì hài lòng,,0,1761893666
183230534,10338912,Nguyễn Kim Hiền,5,Cực kì hài lòng,,0,1718532054
110924561,22583891,Minh Tu,5,Cực kì hài lòng,,0,1642608795
17594737,12115891,Phan Hồng Hải,1,Rất không hài lòng,Giao hàng chậm tới 2 ngày ko có thông báo gì,0,1610690054
17594737,19034903,Lam Ngọc,4,Hài lòng,,0,1612595818
55496402,8479125,Linh Linh,3,Bình thường,Vừa rửa xong thò khăn lau ly bể đôi. Buồn hết sức. Chưa hề ráo nước luôn đúng đưa cáo khăn vào la bể,2,1642248502
55496402,21984347,Huy Thiem Hoang,4,Hài lòng,nhìn chung ok! chưa được 5 sao bởi ấm có nỗi bởi những chấm nhỏ.,0,1623384985
55496402,21749947,truong tam,5,Cực kì hài lòng,giá hợp lý,0,1659153128
55496402,9622462,Tú Ân,4,Hài lòng,,0,1643206187
55496402,12036673,Nhật Thiện,5,Cực kì hài lòng,Chất lượng sản phẩm tốt đóng gói chắc chắn,0,1609654146
55496402,14395615,le kim loc,4,Hài lòng,"sản phẩm đẹp, bên ngoài nhìn đẹp hơn hình. cảm ơn shop.",0,1611112722
55496402,11505869,Trần Phương Thảo,2,Không hài lòng,Hàng đưa không đúng trong ảnh. Hoa văn khác hẳn,2,1613712342
55496402,12861047,Quỳnh Nga,4,Hài lòng,Đẹp lắm cảm ơn tiki,0,1621146608
55496402,16637345,Nguyen Dang Mien,4,Hài lòng,,0,1626745769
55496402,11318198,Lý Thị Hiền,5,Cực kì hài lòng,,0,1602242696
188446447,18105272,Nguyễn Minh Phước,5,Cực kì hài lòng,Hàng ok. Đúng miêu tả. Bền hay không phải trải qua thời gian.,0,1751880237
101360987,18763288,Ngọc Quý Dương,5,Cực kì hài lòng,,0,1677482002
53439011,14594512,An An,5,Cực kì hài lòng,,0,1617384556
55582237,17930915,Nguyễn văn oanh,4,Hài lòng,,0,1605706984
99368072,11616276,Nguyễn Duy Đông,4,Hài lòng,,0,1722762924
99368072,24612902,Thành Sony,5,Cực kì hài lòng,Mình lấy quai là lại ko có.nhưng đẹp tk shop,0,1672036448
99368072,26372475,Trần Lan,5,Cực kì hài lòng,"mẫu mã đẹp, đóng gói chắc chắn, giao hàng nhanh lần sau ủng hộ shop tiếp",1,1641727823
99368072,14860089,Mạnh Hùng,5,Cực kì hài lòng,sản phẩm vẽ tay đẹp hàng chính hãng.,0,1639989416
53438851,11243976,Nguyễn Thanh Thanh,5,Cực kì hài lòng,"giao hàng quá chậm, không đúng thời gian dự tính trên app.",0,1613568210
277419647,8802684,Lê Thanh Tùng ,4,Hài lòng,,0,1745725736
99929532,8929397,Đinh Đình Đức ,5,Cực kì hài lòng,"Ấm đẹp, giao hàng nhanh, hơi tiếc vì bị rỗ mất hai lỗ.",0,1641701188
99929532,14746535,Chi Nguyen,5,Cực kì hài lòng,rất hài lòng,0,1636432741
53439065,16232133,Đàm tiến Dũng,5,Cực kì hài lòng,,0,1627059378
53439065,6091318,Nguyễn Hiếu Dương,5,Cực kì hài lòng,đẹp giao hàng nhanh,0,1612021962
190613578,17496530,Phan thị thanh thuỷ,4,Hài lòng,,0,1728423816
103401940,25203886,Đỗ Thị Thắm,5,Cực kì hài lòng,,0,1744854988
103401940,7025780,Hau Ng,5,Cực kì hài lòng,"Chất lượng men tốt nhưng không cẩn thận nên vỡ 3 cái ly, không biết có bán riêng ko",0,1655509795
103401940,22021079,Đức Vượng,5,Cực kì hài lòng,,0,1644297127
13912786,1443148,T Tran,5,Cực kì hài lòng,,0,1613984002
198200203,8038422,Nơi Đó Có Em,5,Cực kì hài lòng,,0,1671617109
8458230,5403221,Pucca PQ,4,Hài lòng,"Khá vừa ý, chắc vì sách khổ lớn nên không bọc bookcare được",0,1664535140
8458230,16121323, Nguyễn Thu Hương,5,Cực kì hài lòng,,0,1667177079
8458230,6405280,Nguyễn Bình,4,Hài lòng,,0,1658133572
8458230,88616,Trương Minh Đăng,5,Cực kì hài lòng,,0,1654558339
8458230,6772102,Trần Vân,5,Cực kì hài lòng,,0,1614763634
8458230,1325860,Mai Nguyen,5,Cực kì hài lòng,,0,1608200996
271543729,1581818,Trần Quang Đăng,4,Hài lòng,,0,1715257812
270287127,30242661,Ngọc Phương Đông,5,Cực kì hài lòng,"Chất lượng, sắc nét",0,1734860277
71090274,7781748,Nguyễn Hiếu Thảo,5,Cực kì hài lòng,"Sách in dày, bóng đẹp, hình ảnh bắt mắt, nhiều món chay đa dạng, nguyên liệu dễ tìm có thể áp dụng được.",0,1628512492
71090274,678136,Nguyễn Hằng,5,Cực kì hài lòng,"- Nội dung: Tương đối đa dạng, phân chia các phần mục rõ ràng. Lối diễn đạt dung giản, phù hợp thị hiếu của ngay cả những đối tượng bước đầu mới ""mon men"" đến thế giới của thức chay.
- Hình thức: Phần bìa và trang sách được thiết kế, biện bày tốt.",0,1607287199
71090274,300818,Trần Thị Phượng,5,Cực kì hài lòng,"Sách hay, nhiều hỉnh ảnh, các món ăn chất rất chất lượng. Nên mua.",0,1660812093
71090274,11450411,Trần Hào,5,Cực kì hài lòng,"sách về nấu ăn, cũng ổn, nhưng nội dung chưa đa dạng và các món ăn cũng chưa đặc sắc lắm. dù sao cũng rất ủng hộ những tác giả vn viết về ăn sạch",0,1608872368
71090274,23510931,do thanh lan,5,Cực kì hài lòng,,0,1679588173
71090274,10632994,Jane Phạm,5,Cực kì hài lòng,,0,1670415438
71090274,1497701,Nguyen Hoang Thuy Trang,5,Cực kì hài lòng,,0,1667087973
71090274,22653275,Minh Phụng,5,Cực kì hài lòng,Quyển sách tạo nhiều động lực hơn cho mình ăn chay😊😊😊. Cảm ơn Tiki,0,1632455964
71090274,818196,Diệu Ân,5,Cực kì hài lòng,giao hàng nhanh,0,1650800022
71090274,14792674,Trần Thị Thanh Huyền,5,Cực kì hài lòng,"Sách hay, nội dung hay, ảnh đẹp, in màu cũng rất đẹp",0,1634020771
71090274,21715266,Ngoc Phu,5,Cực kì hài lòng,,0,1654925386
71090274,18391502,Nguyễn Giang,3,Bình thường,"Cũng bình thường, chủ yếu mấy công thức nấu ăn chay nhưng không đa dạng và có gì mới mẻ!",0,1616553889
71090274,10071015,Đông Hạnh,5,Cực kì hài lòng,,0,1641874688
71090274,809004,Hoa Dzuong,5,Cực kì hài lòng,bản in rất đẹp. nội dung hay. rất đang mua,0,1615941322
71090274,14004230,Liên Gym,5,Cực kì hài lòng,,0,1628397873
71090274,1760189,Nguyễn Duy Phú,4,Hài lòng,,0,1621240613
71090274,17195609,Huyen Nguyen,4,Hài lòng,,0,1617510286
71090274,1549204,Lương Hiền,5,Cực kì hài lòng,,0,1616945714
71090274,1976095,Lê Quang Vinh,5,Cực kì hài lòng,,0,1610462297
71090274,18158173,Chau Nguyen,5,Cực kì hài lòng,,0,1610431285
71090274,5533368,tuan hung,3,Bình thường,,0,1609329652
71090274,425117,chau kieu,5,Cực kì hài lòng,,0,1608655284
71090274,12748880,Đỗ Thị Phương Anh,5,Cực kì hài lòng,,0,1607159305
71090274,419159,Giang Xuan,5,Cực kì hài lòng,,0,1607133142
161002084,28228268,Nguyễn Hưng,3,Bình thường,"Giao hàng ok, hàng VN nhập từ TQ, chức năng làm nóng hơi chậm chút mất 1h hơn từ nhiệt độ bình thường lên 40 độ. Các viên massage quá lớn và có kẽ hở và viên bi lớn nên khi massage bị trượt và cảm giác da chân bị cuốn vào đấy tuy nhiên ko ảnh hưởng gì sk chỉ là luôn phải điều chính vị trí bàn chân để massage ổn hơn. Mới xài 3 lần, nói chung làm xong da sạch, cho tinh dầu và hoa vào nữa tốt nhưng 3 điểm thôi để nsx khắc phục lỗi viên bi massage",0,1703568853
161002084,828935,Nguyet Le,4,Hài lòng,"Máy hoạt động êm. Massage chân thư giãn dễ chịu, Máy khá gọn.  Về máy và thời gian giao hàng thì mình đánh giá 5 sao.

Nhưng khâu đóng gói không tốt. Đổ gói muối tặng kèm tùm lum thành ra máy mới mà mở ra nhìn dơ, đỏ lét, cũng may mà lau qua thì hết. Nên giảm còn 4 sao.",0,1673072710
161002084,21903677,Khuat Thanh Nam,5,Cực kì hài lòng,sản phẩm có lỗi và shop hỗ trợ bảo hành nhanh chóng,0,1743557492
161002084,15915021,Nguyễn Đức Chính,1,Rất không hài lòng,"Tôi đặt 02 cái bồn ngâm chân mà chỉ nhận được 01 cái. Hiện đang yêu cầu tiki bổ sung thêm. 
Đề nghị shop kiểm tra hàng kỹ trước khi đóng gói.",0,1662992928
161002084,22738093,Hoang Nam,5,Cực kì hài lòng,"Mới đặt hôm trước hôm sau nhận hàng luôn, rất ưng ý. Mình mới cho nước dùng thử thấy rất thích, máy này dùng tối trước khi đi ngủ là quá chuẩn luôn. Gía cả phải chăng mà có đủ chức năng + gấp gọn nên rất hài lòng.",7,1649217047
161002084,11604468,Pham tien,4,Hài lòng,"chậu hoạt động tốt, tuy nhiên thiếu hướng dẫn sử dụng cụ thể nên khi massage chân lâu sẽ bị rộp da...",0,1674875828
161002084,10792913,Ky bui quy,4,Hài lòng,,0,1733892000
161002084,9870867,Felix Chung,5,Cực kì hài lòng,,0,1732265159
161002084,15385186,Nguyen Thi Thu Thủy,5,Cực kì hài lòng,,0,1728347096
161002084,1699627,Thủy Tiên,5,Cực kì hài lòng,"Mua cho bố mẹ, sài rất thích hy vọng bền dùng được lâu dài",0,1703596139
161002084,27443199,loan nguyen,1,Rất không hài lòng,Máy giao bị thiếu 1 quả tròn màu vàng,0,1698419762
161002084,15715824,Trần Biên,5,Cực kì hài lòng,"Máy hoạt động êm , tốt ...",0,1698154360
161002084,16997004,Vũ Minh Hường,4,Hài lòng,Cho mình hỏi vòng tròn đen kia ko xoay và cũng ko phun nước à bạn,0,1683723600
161002084,22133635,Hồng Thắng,5,Cực kì hài lòng,,0,1713660001
161002084,8467464,Nguyễn Thành Khoa,5,Cực kì hài lòng,,0,1711452738
161002084,6434682,Ducthanh Tran,5,Cực kì hài lòng,"Đóng gói cẩn thận ,giao hàng nhanh , mới dùng thử thấy ok , độ bền thì còn phải chờ , tặng shop 5 sao .",2,1668512368
161002084,12138183,Vũ Thị Thanh Hiền,5,Cực kì hài lòng,,0,1706842365
161002084,9166094,Nguyễn Thị Mỹ Diệu,5,Cực kì hài lòng,"sang, xịn, mịn, nên mua mọi người ơi, bảo về sk.",4,1657521478
161002084,28161506,Phạm Ngọc Ninh,4,Hài lòng,tôi sd cũng thấy tiện ích,0,1695107955
161002084,9873549,Trần thế khoa,5,Cực kì hài lòng,,0,1704619712
161002084,8559325,Vũ Văn Hảo,5,Cực kì hài lòng,Sản phẩm rất hữu ích. 10 sao luôn,0,1688093829
161002084,27261220,Minh Thu,5,Cực kì hài lòng,"sản phẩm chính hãng, đóng gói rất cẩn thận, dùng rất thích luôn, phù hợp cho cả gia đình",4,1649389940
161002084,495238,Huy Đặng Quốc,5,Cực kì hài lòng,,0,1696432388
161002084,13725891,Vũ Thủy,5,Cực kì hài lòng,,0,1696087533
161002084,15241305,Le bao quoc,5,Cực kì hài lòng,,0,1694748710
161002084,15215429,Kiều Mỹ Phượng,5,Cực kì hài lòng,"Giao hàng nhanh, hoạt động tốt",0,1681627174
161002084,5086212,Tu Thi Cam Truc,5,Cực kì hài lòng,Máy hoạt động êm,2,1671096799
161002084,12996723,Hiếu Thuận,5,Cực kì hài lòng,,0,1690855274
161002084,28028094,phan chanh truc,5,Cực kì hài lòng,"Máy dùng tốt,  nên mua",0,1678138171
161002084,19643297,Thanh Thuan,5,Cực kì hài lòng,ok,0,1685546155
161002084,11044290,Thùy Trang,5,Cực kì hài lòng,tuyệt,0,1683957233
161002084,152532,Nguyễn Văn Tường,4,Hài lòng,,0,1684838252
161002084,26839116,chử thị thịnh,5,Cực kì hài lòng,sử dụng rất thuận tiện🥰🥰🥰,2,1654790976
161002084,9694738,Nguyễn Thị Tâm,5,Cực kì hài lòng,Sản phẩm tuyệt vời . cảm ơn shop,1,1668416858
161002084,16783094,Nguyễn Đông Hưng,5,Cực kì hài lòng,,0,1680751622
161002084,28340970,Lê Hùng,4,Hài lòng,,0,1679387057
161002084,62355,Nguyệt  Minh ,5,Cực kì hài lòng,,0,1678960679
161002084,7090552,Khoa MB,5,Cực kì hài lòng,,0,1675404967
161002084,20162558,Thiện Duy,4,Hài lòng,,0,1674701252
161002084,23475892,Nguyễn Đắc Tuyến,5,Cực kì hài lòng,,0,1673584131
161002084,12164418,Khanh Tran,5,Cực kì hài lòng,,0,1672880696
161002084,28354503,Nguyễn Thị Hồng Tiên,5,Cực kì hài lòng,Tốt,1,1668779931
161002084,22361741,Mỹ Hằng,5,Cực kì hài lòng,,1,1665130834
161002084,7360797,le duc son,5,Cực kì hài lòng,,0,1663484160
161002084,1538574,Tuấn Duy,5,Cực kì hài lòng,,0,1661971889
161002084,1415049,Tran Bich,5,Cực kì hài lòng,,0,1661509439
161002084,27453633,Ngọc Hà,5,Cực kì hài lòng,tốt,0,1658841065
161002084,27804397,pham thi Bích thuỷ,4,Hài lòng,,0,1658154684
161002084,220619,Khúc Quang Huy,5,Cực kì hài lòng,,0,1656255042
161002084,22016097,Hien Han,5,Cực kì hài lòng,,0,1653621304
13913064,12968945,Dang Dinh Hiep,1,Rất không hài lòng,Sản phẩm không có tác dụng sưởi ấm. Cắm cả tiếng mà cảm giác không ấm chân hơn đi giầy. Kết luận là phí tiền mua một sản phẩm không có tác dụng.,0,1706857462
274327410,5885023,Nguyễn Thiệu,5,Cực kì hài lòng,,0,1730298828
440518,14660075,Vu Thi Thu,5,Cực kì hài lòng,,0,1673338264
440518,11964999,Suong Phan Thi Tuyet,1,không hài lòng,shop báo sản phẩm là bình 2 ngăn bằng nhựa. nhưng khi nhận hàng là sản phẩm không như hình bán. không hài lòng về sản phẩm,0,1575003472
440518,7687363,Đạt Nguyễn Thành,5,Cực kì hài lòng,,0,1634658779
440518,65784,Võ Nguyên Tuấn,3,Không giữ nhiệt được lâu.,"Mình đã mua sản phẩm này để trữ sữa cho con, tuy nhiên không giữ được nhiệt độ lâu. Đặc biệt là giữ nóng. Chỉ khoảng 1 tiếng hơn là nguội lạnh. Mình chuyển sang giữ lạnh sữa kèm với túi đá khô để di chuyển xa thì có vẻ ổn hơn. Nhìn chung thi chất lượng sản phẩm không như mong đợi.",1,1506664315
440518,6398683,Kim Ngân,5,Cực kì hài lòng,,0,1615352348
440518,19101260,Lê Thị xuân Mỹ ,3,Bình thường,,0,1611775425
440518,17431238,Đặng Bích Phương,5,Cực kì hài lòng,,0,1599206134
440518,68024,Vũ Yến Nga,2,Không hài lòng,Chẳng giữ ấm được mấy. Để sữa một lúc là nguội hichic.,0,1563504199
440518,375027,Đỗ  Ngân,3,Không hài lòng,Túi giữ nhiệt kém. Để được khoảng 30 phút là sữa nguội. Không nên mua sản phẩm này,0,1529635693
440518,825159,Nguyễn Thị Thùy Linh,2,Đã phải trả hàng,Mình đã mua sản phẩm này nhưng không hiểu do thời tiết hà nội lạnh hay sao mà mình bỏ sữa ủ cho bé chỉ 15p đã nguội lạnh. Mình đã phải gửi trả sản phẩm và được tiki hoàn tiền. Mua sản phẩm này mà ở xa cũng hơi bất tiện cho việc dùng thử sp.,4,1455032519
440518,1043524,Trần ngọc thảo nguyên,3,Bình thường,"Sản phẩm gọn, nhưng chỉ giữ ấm được khoảng 1 tiếng",1,1508769581
440518,135071,Huỳnh Hoa Ái Phương,2,Không hài lòng,"Mẫu mã thì ok nhưng chất lượng ko ổn lắm, chỉ giữ nhiệt được tốt trong khoảng 30 - 45 phút.",2,1508786723
273816963,30419883,Quang tien,4,Hài lòng,,0,1755500844
193733672,30406287,TA QUANG TRUNG ,2,Không hài lòng,sao giao không đúng mẫu chai mình đã dat,0,1750384629
193733672,16627032,Phng Lucky,5,Cực kì hài lòng,,0,1745509582
193733672,28791535,Hồng quang huy,5,Cực kì hài lòng,,0,1729009907
193733672,6763447,Võ Lê Hoàng Khải,5,Cực kì hài lòng,,0,1716231971
193733672,21396100,dua huyen,5,Cực kì hài lòng,,0,1701912682
129746934,7974749,Dương Hoàng,5,Cực kì hài lòng,,0,1655136712
167937668,13340077,Trương Phượng,5,Cực kì hài lòng,"Rất hài lòng, màu đỏ bầm đẹp, dày, rộng che được cả ba lô to, áo dài che gần hết bắp chân với người cao 1m55. 10 điểm cho shop",1,1666422637
167937668,6066215,Dung Dung,5,Cực kì hài lòng,,0,1715227986
167937668,10149103,Thành nhân,5,Cực kì hài lòng,,0,1696895088
167937668,10149103,Thành nhân,5,Cực kì hài lòng,,0,1696895111
167937668,13433519,Nguyễn Thơ,1,Rất không hài lòng,"Sản phẩm không như đơn đặt hàng, đặt cái này mà lại giao cái khác",0,1665981596
167937668,9613773,Trần Đức,5,Cực kì hài lòng,áo đęp chất lượng cao như trong hình chụp 👍,1,1668227950
167937668,28620391,Nguyễn Nga,4,Hài lòng,,0,1685015524
167937668,9933785,Trần Tấn Phát,5,Cực kì hài lòng,,0,1682434933
167937668,21074110,Nguyễn Minh Triều,5,Cực kì hài lòng,,0,1681818427
167937668,28346218,Lương Thanh Quang,5,Cực kì hài lòng,,0,1678706901
167937668,6026301,Trần Văn Quyền,4,Hài lòng,,0,1672205298
167937668,21858427,Duong Thanh Xuan,4,Hài lòng,chất lượng tôt,0,1664461992
167937668,11258425,Trương Thị Tiểu Nhiên,5,Cực kì hài lòng,Rất hài lòng,0,1664442211
167937668,21959424,Mạnh Chí,5,Cực kì hài lòng,"Ưng lắm, Cảm ơn Shop !",0,1660301428
167937668,6554313,Grace Le,5,Cực kì hài lòng,,0,1667980280
167937668,16457852,Nguyễn Thị Duyên,5,Cực kì hài lòng,,0,1667088185
167937668,15444286,Thu Ba,5,Cực kì hài lòng,,0,1664975474
167937668,7584242,Son Nguyenvan,5,Cực kì hài lòng,ngồi xe ab bị ướt quần,0,1653829274
167937668,27756205,Thanh Hoang,5,Cực kì hài lòng,,0,1662706297
167937668,20080924,Thanh Lê,5,Cực kì hài lòng,,0,1657463668
167937668,9808379,Tai Le Nam Truong Phat,5,Cực kì hài lòng,,0,1651669636
167937668,18315095,Phan Dung,4,Hài lòng,,0,1651239959
167937668,18315095,Phan Dung,4,Hài lòng,,0,1651239962
167937668,9010738,Đặng Thị Hồng Hạnh,5,Cực kì hài lòng,,0,1648710349
274460732,15672046,Nguyễn Văn Vũ,5,Cực kì hài lòng,,0,1761568203
269952069,10135532,A M,5,Cực kì hài lòng,"Máy ổn, lâu dài cần theo dõi thêm.
Cái hộp nhựa gài ở giữa trong chỗ ngâm chân hay bị tuột ra khi vận hành",0,1706686881
269952069,18817074,Mr Hợp,3,Bình thường,"Chất lượng chưa biết bước đầu sử dụng không thấy chỉ định mức nước tối đa,mức nước tối thiểu.",0,1701827142
269952069,10039903,Quốc Trọng,4,Hài lòng,,0,1717129786
269952069,22103836,vũ thị huệ,5,Cực kì hài lòng,,0,1711938123
269952069,21398803,phan hoang,5,Cực kì hài lòng,,0,1703065983
269952069,13870978,Nguyễn Mạnh Cường,4,Hài lòng,Dang theo dõi,0,1695381269
269952069,6626749,Ngô Vũ Xuân Hoà,4,Hài lòng,,0,1699328923
278526468,5948089,Tai Dang,5,Cực kì hài lòng,,0,1758005913
7966361,6504963,Nguyễn Thị Huyền,5,Cực kì hài lòng,,0,1593968201
273357783,29017811,Vương Nguyễn Đan Thảo,5,Cực kì hài lòng,mùi lưu hương lâu và rất dễ chịu,0,1681274782
250754614,29210155,Pham tran hong phuoc,5,Cực kì hài lòng,,0,1727341916
277941880,5087715,Thành Nguyễn Năng,5,Cực kì hài lòng,,0,1759552995
277941880,14683235,Truong Thi Thanh Tuyen ,5,Cực kì hài lòng,,0,1752850219
8458948,7726502,Trần Lê Trà,2,Không hài lòng,Hàng mới mà sao thế này hah shop?,0,1701743819
8458948,29653448,nguyễn huy hoàng ,5,Cực kì hài lòng,,0,1715049582
8458948,27449839,Xuân Lưu,4,Hài lòng,,0,1710825325
8458948,10920154,Tai Thịnh ,1,Rất không hài lòng,Gửi sai hàng nhắn tin ko phản hồi...sai hàng 100%...hàng bao bì nhàu nát đã qua tay đổi trả nhiều lần,0,1667923792
8458948,123416,Lương Quang Trường,1,Thấy thất vọng.,Tiki giao hàng rất nhanh. Gói hàng kĩ càng. Mình mở hàng ra thì thấy rất thất vọng vs sản phẩm mình nhận đc. Găng tay ko giống trong hình shop đưa ra. Đường chỉ may rất kém. Ae mua sau nhớ né né shop này ra nhé. 1* để đánh giá,18,1574040787
8458948,28544526,Đăng Quang,5,Cực kì hài lòng,,0,1673434728
8458948,6155093,NGUYEN THI KHANH,5,Cực kì hài lòng,"Sản phẩm giống mô tả, chất lượng sản phẩm xuất sắc, thời gian giao hàng nhanh, cho shop 5 sao",0,1619016385
8458948,15689101,Lê Văn Thỏa,5,Cực kì hài lòng,"cảm ứng nhạy, hơi mỏng đối với thời tiết rét đậm miền Bắc",0,1641481482
8458948,15365227,Thẩm Vy Thanh,1,Rất không hài lòng,Nhà cung cấp viết mô ta là có thể chống nước nhưng khi nhận hàng và *** nhẹ bằng cách nhỏ nước lên thì nó thấm nhanh hơn cả vải thường,15,1576069366
8458948,17599130,Nelfa Kim,5,Cực kì hài lòng,very good,0,1642834434
8458948,8695052,Nguyễn Xuân Trường,5,Cực kì hài lòng,Oke,0,1644119477
8458948,18417821,viet tran,1,Rất không hài lòng,ko dùng được với màn hình cảm ứng của điện thoại,0,1608624749
8458948,13692241,Trường Lê,5,Cực kì hài lòng,,0,1641041251
8458948,14589113,linh nguyen hi,5,Cực kì hài lòng,ok,0,1640243977
8458948,21012311,lien thuy,4,Hài lòng,,0,1639140644
8458948,15959365,Bánh Rán Đậu Xanh,5,Cực kì hài lòng,,0,1638666690
8458948,19234039,Tony Quyền,1,Rất không hài lòng,nói chống nước mà đi mua nhỏ thôi cũng ướt chèm nhẹp rồi.,0,1612873149
8458948,13969293,Phan Trần Mạnh,1,Rất không hài lòng,"Không tốt , nhanh hỏng , bung chỉ nhiều",0,1621595145
8458948,24377448,lý hoàn,4,Hài lòng,,0,1635741113
8458948,15946942,Lê Ngọc Quyết,1,Rất không hài lòng,"Sản phẩm thật sự tệ, không thể sử dụng cảm ứng",0,1610509538
8458948,19417357,Ngoc Quang,5,Cực kì hài lòng,"rất hài lòng ạ,sản phẩm chuẩn y hình, chất lượng tốt ạ",0,1607498125
8458948,15883485,Thanh Nguyen,1,Rất không hài lòng,"Rách mau quá, thấy quảng cáo đẻo quá",0,1616292760
8458948,14770093,Phm Phi Tn,1,Quá chán,Hàng không giống vs thực tế tưởng tiki làm ăn thế nào hoá ra cũng như nhau,3,1573129987
8458948,19146587,Linh Lục,2,Không hài lòng,găng tay không sử dụng được điện thoại cảm ứng.,0,1609681725
8458948,10313623,Hiệp Trần,3,Bình thường,Găng tay sẽ hợp với các bạn tay vừa và nhỏ,0,1609737258
8458948,14471096,do ngoc hoa,1,Giống găng tay cho nữ,"Ảnh trên hình rất nam tính nhưng khi nhận về, vẫn giống trong hình nhưng hình thức nhỏ hơn ảnh quảng cáo. Giống găng tay cho nữ",0,1576233824
8458948,7100677,Nguyễn Hải Duy,4,Hài lòng,ok,0,1621775815
8458948,1907467,nguyễn minh tú,1,Rất không hài lòng,"Tiki giao hàng rất nhanh. Gói hàng kĩ càng, nhưng khi dung sản phẩm vân lạnh buốt , thất vọng không như  quảng cáo",1,1575933520
8458948,11834335,Nguyễn Thiện Tùng,5,Cực kì hài lòng,,0,1616344881
8458948,13761845,Ngọc Hùng,5,Cực kì hài lòng,,0,1616033207
8458948,17626775,Kiep Tha Phuong,5,Cực kì hài lòng,,0,1615967314
8458948,18443568,Chử Văn Hiếu,5,Cực kì hài lòng,Hài lòng,0,1611823476
8458948,15488090,Anh Quy,5,Cực kì hài lòng,,0,1614858031
8458948,6846058,Ngô Tuấn Anh,5,Cực kì hài lòng,,0,1613564815
8458948,7597324,Hoàng Tiến,5,Cực kì hài lòng,,0,1613051512
8458948,6619907,nguyen thi thuy,5,Cực kì hài lòng,,0,1612498917
8458948,12789564,Minh Phúc Đỗ Trần,5,Cực kì hài lòng,,0,1612402925
8458948,18920491,hoàng phú tài,5,Cực kì hài lòng,,0,1612183137
8458948,18961024,Phùng Mạnh Cường,5,Cực kì hài lòng,,0,1612179666
8458948,18090026,minh nguyễn,5,Cực kì hài lòng,,0,1611885407
8458948,13806256,Anh Pay,5,Cực kì hài lòng,,0,1611845659
8458948,7783363,Hoàng Mạnh Anh Sortation,4,Hài lòng,,0,1611821613
8458948,14361212,Nguyễn Thanh Thế,5,Cực kì hài lòng,hài lòng sp,0,1607688098
8458948,18612785,Duy Trường Hồ Trường,5,Cực kì hài lòng,,0,1611789991
8458948,16038605,Nguyen Van Nu,3,Bình thường,,0,1611580011
8458948,15151941,Nguyễn Mạnh Trung,5,Cực kì hài lòng,Ok,0,1610725217
8458948,19393591,Nguyễn Ngọc Hải,3,Bình thường,,0,1611310925
8458948,19340702, Đỗ Kiều Vân,5,Cực kì hài lòng,,0,1610971514
8458948,10599950,Nguyễn Đình Duy,5,Cực kì hài lòng,,0,1610940420
8458948,6272787,Hoàng Anh Dũng,5,Cực kì hài lòng,,0,1610883287
8458948,16670029,le nguyen,5,Cực kì hài lòng,,0,1610854356
8458948,15457067,Trng Anhss,3,Bình thường,,0,1610810171
8458948,13217602,Vũ Đình Thành,5,Cực kì hài lòng,,0,1610773797
8458948,19253450,Hưng Tuấn,3,Bình thường,,0,1610611702
8458948,15092356,Phan Trần Thảo Tiên,5,Cực kì hài lòng,,0,1610282701
8458948,12312468,Hoàng Trí,4,Hài lòng,,0,1610238816
8458948,7962280,Nguyễn Văn Quang ,4,Hài lòng,tốt,0,1608111364
8458948,19486221,Man Hanh,3,Bình thường,,0,1609401204
8458948,9754238,Nguyen mai,3,Bình thường,,0,1609160462
8458948,7844331,Ngô Xuân Tình,5,Cực kì hài lòng,,0,1608960427
7966362,1682746,Hai Luu,5,Cực kì hài lòng,"Truyện hay, hình vẽ màu sắc đẹp, thu hút trẻ con và người lớn. Mua ngay lúc siêu giảm nên cảm thấy vui hơn. Thanks tiki!",0,1573017890
7966362,1558546,Lê Thị Bích Thuận,5,Cực kì hài lòng,"Bé nhà mình ngày nào cũng bắt đọc câu chuyện này. Về nội dung thì hơi ko thực tế, nhưng trẻ con vẫn thích",0,1575254844
276486403,30191066,A son,5,Cực kì hài lòng,"Găng tay đẹp quá. Đeo vào tay rất đẹp, chống nước tốt, đường may đẹp, chất lượng sản phẩm rất tuyệt vời, năm sao cho chất lượng sản phẩm. Shop tư vấn nhiệt tình giao hàng rất nhanh. Mẫu mã rất đẹp 10/10 nhé. Mọi ng nên mua sản phẩm này. Shop rất uy tín",0,1730685715
276486403,30191078,Anh dang,5,Cực kì hài lòng,"Sản phẩm đẹp như shop mô tả, đeo cấm cảm ứng diện thoại tốt, rất ưng sản phẩm, chống nc tốt, đi mùa đông sản phẩm rất hợp, rất hài lòng về sản phẩm của shop, nam sao nhea shop",0,1730686558
273596559,7859171,Nguyen Minh Ngoc,5,Cực kì hài lòng,,0,1717818029
97073936,14333627,Ngọc Trang,5,Cực kì hài lòng,"Dùng rất ok! Nhà có người lớn tuổi hay bị đau nhức, khó ngủ thật sự nên mua… giảm đau tạm thời + dễ ngủ! Đặc biệt ở nơi lạnh nên càng cần",0,1656493780
270677472,153176,tran khoa,5,Cực kì hài lòng,,0,1748795624
270677472,49747,Nấm Nùn,5,Cực kì hài lòng,,0,1739379585
270677472,49747,Nấm Nùn,5,Cực kì hài lòng,,0,1728985379
270677472,49747,Nấm Nùn,5,Cực kì hài lòng,,0,1728985394
148729690,5183057,Tran thi Linh Chi,2,Không hài lòng,"Sản phẩm rất mỏng, kém chất lượng không như mô tả.",0,1732806640
148729690,8911499,tưởng duy vũ,5,Cực kì hài lòng,,0,1740289506
148729690,5318558,Thuy Dung,5,Cực kì hài lòng,"Miếng dán ngồi êm, sạch sẽ, tiện dụng. Cảm ơn Shop!",0,1668230962
148729690,9282084,Moon Bin,1,Rất không hài lòng,Sản phẩm quá tệ. Ko dùng được. Đắt tiền,0,1666961978
148729690,28111278,Nguyen Thuyet,2,Không hài lòng,"Nhỏ, mỏng, đắt tiền, khong vừa bồn cầu",0,1666454121
148729690,28322060,Phan Thị Hương,4,Hài lòng,,0,1679052788
148729690,12833262,An Nhiên,5,Cực kì hài lòng,,0,1677905491
148729690,20087933,Bình Yên Nơi Anh,5,Cực kì hài lòng,"Sp dùng thích, êm ái, nhà có trẻ nhỏ nên mua",0,1646304638
148729690,13696651,Nguyễn Ánh Sáng,5,Cực kì hài lòng,,0,1676631707
148729690,20288196,Mai Xuân Chính,4,Hài lòng,,0,1676243682
148729690,18023526,Tuấn Cường,1,Rất không hài lòng,"Ko hài lòng rất tệ, đừng mua",0,1664524958
148729690,14543226,Trương Hữu Vàng,4,Hài lòng,Nhưng giá quá cao,0,1664927737
148729690,16622195,Đoàn Trinh,5,Cực kì hài lòng,Đẹp.Ok,0,1665709534
148729690,28183429,Bùi thúy,5,Cực kì hài lòng,,0,1665500873
148729690,10047451,Nguyễn Quang,5,Cực kì hài lòng,,0,1663418396
148729690,7980435,Lan Hương,5,Cực kì hài lòng,"Giao nhanh, sử dụng ổn, shop hỗ trợ chọn màu nhiệt tình",0,1640839022
148729690,25985474,Trần Vỹ,5,Cực kì hài lòng,"sản phẩm tốt, dùng mùa đông thích, dễ vệ sinh",0,1644227021
148729690,7894872,Hoàng lâm,3,Bình thường,"Mỏng mảnh dùng tạm , không đẹp như ảnh",0,1646400856
148729690,9712687,ĂN VẶT TEENMI,5,Cực kì hài lòng,,0,1658798462
148729690,13979294,Phạm Hà,4,Hài lòng,,0,1658734991
148729690,8863975,Võ Văn Tiến,5,Cực kì hài lòng,"Êm, tiện và ấm nha :)))",0,1649217350
148729690,1936036,Lê Trọng Đạt,5,Cực kì hài lòng,,0,1653012628
148729690,463029,La Linh,5,Cực kì hài lòng,,0,1650427661
148729690,26645595,nguyên thị thao,5,Cực kì hài lòng,,0,1646127673
148729690,16372236,Nguyễn Thanh Hà,5,Cực kì hài lòng,,0,1645676208
148729690,1471645,Nguyễn Hà Vinh,5,Cực kì hài lòng,,0,1645417041
148729690,21215189,nguyễn ngọc dương,4,Hài lòng,,0,1645178050
148729690,25519849,Tài khoản Google,4,Hài lòng,,0,1642538398
414091,1660214,Panda,5,Cực kì hài lòng,"đọc hết nhận xét xong mới quyết định mua, quả thật không hối tiếc. truyện mỗi trang chữ ít, chủ yếu là hình vẽ, tuy màu trắng chủ đạo có vẻ như kg hấp dẫn trẻ con nhưng 2 nhóc con nhà mình 8 tuổi và 3 tuổi đều rất thích. truyện có tính giáo dục cao. mình mua cùng với cuốn ""cái mũi đen""",2,1540971811
414091,508433,Dang Le,5,Cực kì hài lòng,,0,1635654332
414091,763275,Lương Ngọc Anh,5,Nhẹ nhàng giàu cảm xúc,Một câu chuyện nhẹ nhàng giàu cảm xúc mà có tính giáo dục cao. Nét vẽ ngộ nghĩnh. Nhìn e Koda rất đáng yêu. Mua lúc sản phẩm giá 35k 10/1/2019 nhận hàng. Đang chờ cuốn cái mũi đen mà đơn hàng lại bị delay 4 ngày rồi  :(,0,1547176020
414091,9104843,Huyền Lê,5,Cực kì hài lòng,,0,1607935457
414091,5666742,hong hoang,5,Cực kì hài lòng,"Nội dung nhẹ nhàng, nhân văn. Tranh minh hoạ cực kì ấm áp. Cuốn sách rất thu hút cậu chàng 6 tháng nhà mình. Mẹ mê tranh đến nỗi chép lại đóng khung luôn",2,1532339374
414091,1015578,Nguyen Sy Nguyet Tram,4,Câu chuyện ý nghĩa về tình yêu thương,"Câu chuyện 2 mẹ con nhà gấu giữa cơn bão mang lại cảm xúc cho mẹ khi đọc rất nhiều, nhưng với các bé dưới 3 tuổi thì chẳng thể thu hút được các con do màu sắc và cách vẽ...Em bé nhà mình 1 tuổi, mỗi lần mẹ đọc chuyện này là lại bỏ đi chỗ khác",0,1502643271
414091,5160481,Nguyễn Huyền trang,5,Cực kì hài lòng,"Nội dung rất hay va y nghia, hình ảnh rất đẹp",0,1585349293
414091,248345,Nguyen Hai Van,5,Câu truyện dễ thương và rất ý nghĩa,"Câu truyện mang đầy tính nhân văn, rất nhẹ nhàng về tình yêu thương, lòng vị tha. Chính sự ngây thơ, trong sáng và tình yêu thương rất tự nhiên của gấu con Koda đã làm ấm lòng gã thợ săn Vova cũng như người đọc. Con trai mình rất thích câu truyện này và thậm chí gần như thuộc hết câu truyện. Mỗi lần đọc cho con mình cũng không khỏi cảm thấy nghèn nghẹn. Một câu truyện hết sức ấm áp và đáng đọc.",0,1487646342
414091,1119846,Phạm Phương Nga,4,NỘI DUNG NHÂN VĂN,"Sách ngắn gọn, hình minh họa rất to, nội dung ý nghĩa. Tuy nhiên hình vẽ minh họa cảnh bão tuyết và gấu trắng nên màu sắc tiết chế, không cuốn hút con trẻ.",0,1531109719
414091,437020,Ngo  Hoa,5,1 câu chuyện tuyệt vời,"Dù là sách được dịch từ nước ngoài nhưng nội dung rất dễ thương, hình vẽ rất ngộ nghĩnh, bìa và nội dung in ấn rất đẹp, cực kỳ hài lòng với quyển này",1,1523254098
414091,6369920,Van Luong,5,Cực kì hài lòng,"nội dung sách rất hay, kết thúc dễ thương và tự nhiên. Mỗi lần đọc sách, bé con của mình đều áp sát vào mặt mẹ và thổi cho một làn hơi ấm :D",1,1522130836
414091,90029,Nguyễn Phương,5,Dạy trẻ về tình yêu thương,"Sách dành cho trẻ em nên tranh minh họa được in màu rất đẹp, đặc biệt tôi rất thích bìa sách với màu sắc nhã nhặn. Cuốn sách viết về hai mẹ con gấu Koda và gã thợ săn. Gấu mẹ đã bảo vệ gấu con phía sau lưng khi nhìn thấy gã thợ săn. Còn gấu con sau khi được mẹ truyền hơi ấm, thì đã làm điều tương tự với gã thợ săn đang đông cứng vì sợ hãi một cách rất hồn nhiên. Giữa cái giá lạnh của tuyết phủ nhưng ta vẫn cảm thấy ấm áp. Truyện chỉ có vẻn vẹn vài chục trang nhưng vẫn chứa đựng tình tiết bất ngờ với những hình ảnh đáng yêu, ngôn từ trong sáng và truyền tải tình yêu thương một cách nhẹ nhàng.",0,1463580180
414091,54291,thuy cecile,5,Mang ý nghĩa nhân văn,"Mình và bé mới đọc xong và cực kì yêu thích quyển sách này cũng như quyển sách cùng bộ ""Cái mũi đen"". Câu chuyện về hai mẹ con gấu Koda vừa cảm động, vừa ấm áp. Một câu chuyện về tình mẫu tử thiêng liêng, câu chuyện về lòng vị tha, câu chuyện về cái thiện. Nội dung khiến mình rất tâm đắc vì tính giáo dục trẻ em rất cao. Mình cực kỳ ấn tượng với câu tựa: Mọi tình yêu trên thế gian đều bắt nguồn từ mẹ.
Chất lượng giấy rất cao cấp, dày dặn. Hình vẽ đơn giản, đáng yêu mà độc đáo giống như họa sĩ vẽ màu sáp hay màu bột trên giấy vậy. Tuy nhiên nếu bé hơi nhỏ thì sẽ khó bị thu hút vì cảm giác không rực rỡ, sặc sỡ.",0,1463408589
414091,1303666,Nguyễn Nữ Ái Thư,5,Ấm áp,"Trong lúc lựa chọn các sách cho cậu con traI 5 tháng tuổi thì mình nhìn thấy cuốn này và đặt mua.
Lúc nhận được hàng, cảm nhận là chất lượng giấy và tranh rất đẹp. Tiếc một tí teo là màu sắc hơi lạnh một chút, có lẽ là cảm nhận cá nhân thôi, vì bạn bè qua xem đều bảo là không thấy thế :) cũng có thể là chủ ý của tác giả dùng background lạnh để làm nổi bật ""tình cảm"" mẹ con của gấu chăng?
Về nội dung thì đáng yêu
Cũng như nhiều cuốn m lựa chọn, ngôn ngữ lựa chọn, ngắn (nhường chỗ cho tranh) phù hợp cho việc gật gù kể chuyện cho con vào một buổi chiều nhẹ nhàng ",0,1463038401
414091,615987,Kim Chan,4,Một quyển sác,"Mình mới nhận được sách, vì ngắn nên mình duyệt sách trước khi đọc cho con. 
Về hình thức: Bìa sách rất dễ thương, màu sắc trang nhã, hình ảnh cũng đơn giản dễ nhìn. 
Về mặt nội dung: Làn hơi ấm là một câu chuyện đẹp và cảm động. Sách có giá trị giáo dục lòng nhân ái và đề cao tình yêu thương. 
Phải nói rằng đọc xong mình rất cảm động và cũng rất thích thú với sự ngộ nghĩnh, ngây thơ của chú gấu con. Một quyển sách hay mà *** nào cũng nên đọc cho con
",0,1460693670
414091,63996,Phuong LE,4,Nội dung sách hay,"Được biết đến sách từ những bộ truyện tranh nổi tiếng khác như Ehon, Êch Xanh, Khỉ Zozo, tôi đọc review về cuốn sách ""Làn hơi ấm"" vì những lời khen tặng về nó. Khi nhận hàng, tôi ưng ý vì sách được thiết kế và in ấn chỉn chu, hình vẽ cũng khá đơn giản, nhìn như được in lại từ tranh sơn dầu. Tôi nghĩ trẻ em sẽ thấm được hồn nhân văn của câu truyện này sâu hơn người lớn chúng ta. Không ngờ động vật ăn thịt như gấu Bắc Cực có thể cứu người 1 cách bao dung như vậy.",0,1459958732
414091,15022,Trương Lê Kim Ngân,3,Nội dung truyện mang đầy tính nhân văn,"Truyện “Làn hơi ấm” có tổng cộng 37 trang, mình đặt trên Tiki nên giá giảm so với giá bìa. Hình vẽ trong truyện không được đẹp lắm, nhưng nội dung của truyện mang đầy tính nhân văn. Truyện kể về gấu mẹ và gấu con Koda cùng với gã thợ săn Vova, Vova muốn lấy súng bắn gấu mẹ, nhưng do bão tuyết thổi tung mũ của Vova đi nên tên thợ săn phải lo nhặt lại, đi được một đoạn hắn lại chạm mặt gấu mẹ. Gấu mẹ đang che chở cho Koda khỏi cái lạnh của bão tuyết, khi Koda thấy gã thợ săn Vova, Koda đã làm gì? Mọi người cùng đọc sách để hiểu tính nhân văn mà tác giả muốn gửi gắm nhé.",0,1456209532
414091,495660,Nguyễn Thị Hải Thư,5,Thật tuyệt vời,"Tôi vừa nhận sách sáng nay và ""thật tuyệt vời"" là 3 từ tôi có thể thốt lên sau khi đọc. Hình ảnh đẹp, ngôn ngữ dễ hiểu, và quan trọng nội dung của sách ý nghĩa, truyền cảm xúc ấm áp khó tả cho người đọc. Tôi hiểu được giá trị tuyệt vời của cuốn sách mang lại khi cô bé con gần 2 tuổi tròn xoe mắt nói với mẹ ""mẹ kể, mẹ kể tiếp, mẹ kể nữa"". Tôi sẽ mua tiếp cuốn Cái mũi đen về kể cho bé để bé con được cảm nhận thêm 1 tác phẩm tuyệt vời không kém",0,1448950482
414091,196834,Gumstyle Nguyen,5,tình yêu có thể hóa giải tất cả,"Mình mua cuốn truyện sau khi đọc thử. Tác phẩm kể về mẹ con gấu bắc cực Koda, về làn hơi tượng trưng cho tình mẹ nà cậu nhận đựoc từ mẹ mình. Kể về cách cậu truyền tình cảm đó cho Vova_gã thợ săn đã định giết mẹ con cậu. Cái cách tác giả miêu tả khi cậu phà hơi để sưởi ấm cho Vova. Tôi đã rất ngạc nhiên trứoc tình cảm trong sáng và chân thật đó.Tôi bật cười khi tửong tuợng ra khuôn mặt tội ngiêph của Vova lúc đuổi theo chiếc mũ. Một câu truyện đẹp và ý ngĩa về nội dung, hay về hình thức với hình vẽ đẹp, được trau chuốt kỹ lưỡng",0,1442576863
414091,135645,Nguyễn Phương Anh,5,Sức mạnh của tình yêu thương,"Làn hơi ấm của mẹ là thứ dịu dàng nhất trên đời đối với Koda. Rồi Koda truyền cho Vova, theo một cách hồn nhiên, thân thiện và trong sáng, không những làm tan biến cái lạnh đang làm tê cóng mặt mũi Vova, mà còn làm tan chảy trái tim lạnh lùng của kẻ đi săn. Đó là sức mạnh của tình yêu thương, sức cảm hóa của lòng nhân ái. Cuốn sách rất dễ thương với màu sắc dịu dàng, hình vẽ ngộ nghĩnh và đáng yêu đem đến cho bé bài học giản đơn mà sâu sắc. Cùng với “Cái mũi đen”, “Làn hơi ấm” xứng đáng được Viện nghiên cứu văn hóa Giáo dục trẻ em Hàn Quốc khuyên đọc.",0,1442472103
414091,499847,Thu Hiền,4,Câu chuyện nhân văn,"Mình mua bộ 2 cuốn: Làn hơi ấm và Cái mũi đen vì thấy được Viện nghiên cứu giáo dục Hàn Quốc khuyên đọc . Nhưng khi nhận sách và đọc nội dung thì mình rất hài lòng. Câu chuyện kể về hai mẹ con gấu Bắc Cực và gã thợ săn Vova – kẻ thù của gấu Bắc Cực. Thế nhưng trong khi gã thợ săn chỉ tìm cách hãm hại hai mẹ con, thì hành động của gấu con đối với gã lại nhân văn vô cùng, khi bé thổi một làn hơi ấm giúp gã bớt lạnh. Câu chuyện nhẹ nhàng, đẹp và giàu ý nghĩa.",0,1440474297
414091,110777,Đoàn Thị Huỳnh Mai,5,Đẹp và ý nghĩa,"Hai mẹ con gấu Koda phải đi tìm thức ăn khi bão tuyết quét qua ngôi làng của Gấu Bắc cực. Thời tiết rất lạnh. Gấu mẹ đã phà hơi thở của mình để truyền hơi ấm cho gấu con. Và gấu con cũng đã dùng chính hành động đó để phà hơi ấm cho gã thợ săn - người đang đi tìm bắn các chú gấu bắc cực, vì gió tuyết đã hất tung mũ và súng, gã thợ săn đang rất lạnh lẽo. Quyển sách quá đẹp, hình ảnh rõ nét, sinh động. Nội dung rất đơn giản nhưng chỉ chừng ấy thôi cũng đã có ý nghĩa hết sức lớn lao. Và trẻ con thật đáng yêu, thật hồn nhiên và tràn đầy tình yêu thương. Cám ơn tiki.",0,1439437543
414091,728382,Hà Thị Thanh Huyền,5,Làn hơi ấm ,"Phù phù , phì phì đó là những âm thanh mẹ con tôi cùng làm kể từ khi đọc truyện này lần thứ 2. Ngày nào cũng phải đọc làn hơi ấm nàng bé của tôi mới chịu ngủ. Yêu lắm cái dáng của Koda và mẹ. Nàng bé của tôi còn thích thú với con gió trong cơn bão tuyết đã giúp hai mẹ con Koda thoát khỏi phát súng của Vova. Và cái mặt buồn cười của Vova khi đuổi theo cái mũ mà vứt cả súng đè dưới tuyết. Con gái mình làm mặt Vova còn nực cười nữa ý. Yêu lắm Làn Hơi Ấm.",0,1439280759
414091,478786,Hub,4,Sách đầy tính nhân văn,"Tôi đã mua cuốn "" cái mũi đen"" của cùng tác giả và đã rất thích. đó là lý do tôi tiếp tục chọn mua cuốn này. Sách được khuyến khích đọc của trẻ em Hàn Quốc. Cá nhân tôi đánh giá cao cuốn này. Đây là một trong những cuốn dạy trẻ em tính nhân văn cao cả và sâu sắc. Đúng là trẻ con có cái nhìn khác người lớn, cái nhìn đầy vị tha và thương cảm với cả kẻ đã và đang truy đuổi mình. Và chính tình cảm trong sáng ấy của gấu con Koda đã gây xúc động cho chính gã thợ săn Vova và cho cả những người được đọc cuốn sách ngày. Không chỉ trẻ em mà chính người lớn chúng ta cũng học được một bài học sâu sắc qua câu chuyện",0,1438652990
414091,831992,Phạm Thị Duyên,5,Rất hài lòng,"Cốt truyện nhẹ nhàng, nhưng đem lại cảm giác rất ấm áp.",1,1524803807
414091,200200,Hồng Vân,5,Cực kì hài lòng,mình mua đọc cho bé ở nhà và làm quà tặng. nội dung truyện đơn giản và ý nghĩa,2,1515727080
414091,82774,Nguyễn Quỳnh Mai,5,Yêu thương,"Không hẳn những cuốn sách to dày, nói về vấn đề to tát mới là sách hay. Có khi chỉ là một câu chuyện đơn giản là đủ chạm đến trái tim người đọc. Gấu con Koda mang yêu thương đối với kẻ thù của mình, bằng cử chỉ yêu thương mà Koda nhận từ gấu mẹ. Trước mặt gã thợ săn đánh rơi cây súng, Koda không nghĩ đến hận thù, không nghĩ đến những điều ác tên thợ săn đã làm, hay có thể sẽ làm với chính Koda và gấu mẹ. Koda chỉ nhìn thấy một con người nhỏ bé đang run rẩy vì sợ hãi và xám ngoét vì lạnh buốt. Làn hơi ấm thổi trên mặt tên thợ săn làm mặt hắn hồng trở lại, hay bởi vì hắn xấu hổ? Chỉ có tâm hồn ngây thơ của trẻ nhỏ, như gấu con Koda, mới sẵn sang trao yêu thương một cách rộng lượng không suy tính như thế. Thật đẹp, bản năng tự nhiên của con người và muôn loài là cái thiện. Cuộc sống hiện đại với nhiều yếu tố tác động khiến người ta để cái thiện ngủ quên, người ta thờ ơ với lòng trắc ẩn, người ta tham lam mà trở nên độc ác. Bạn nhớ không, trong truyện cổ tích bao giờ cũng thế, nhân vật độc ác là nhân vật tham lam ích kỉ. Nhưng nếu cứ đem hận thù đổi lấy hận thù, mối thù mãi mãi không bao giờ hết. Trái tim bạn khi trả thù có nhẹ nhàng không, hay nó thêm nặng trĩu? Đôi khi, hãy để mình làm trẻ con. Hãy cứ cười đùa cứ hanh phúc, hãy tha thứ, cho trái tim bạn nhẹ nhàng đề mà đựng những yêu thương. Cảm ơn Làn hơi ấm, cuốn sách nhỏ ấm áp trong mùa đông này.",0,1436171372
414091,724943,Phạm Nhung,4,Tạm được,Câu chuyện khá ổn nhưng không thực tế và khá khó hiểu với bé.,2,1509165122
414091,225768,chu lê hương giang,4,Hài lòng,"Cuốn sách rất hay và ý nghĩa, mặc dù rất ít từ, nhưng câu chuyện lại rất rõ ràng, con mình rất thích",0,1490317085
414091,474214,Phan Thị  Giang,4,Cuốn sách dễ thương,"Khi vào tìm sách chuyện cho con gái trên Tiki, tôi đã bị lôi cuốn bởi cái đề mục dễ thương của cuốn sách ""Làn hơi ấm"". 
Nhận được sách, cảm giác thích thú của con gái làm cho tôi vui thêm. Bìa sách trang nhã, hình ảnh dễ thương, giấy tốt. Đặc biệt là câu chuyện rất hay, có tính giáo dục cao cho con trẻ. Là chuyện tranh nhưng tôi đánh giá ""Làn hơi ấm"" là chuyện tranh cao cấp cả về nội dung lẫn hình thức. 
Phụ huynh chúng tôi rất yên tâm khi con trẻ được đọc những cuốn sách có ý nghĩa giáo dục về lòng nhân ái, sự yêu thương...
Cám ơn tác giả, cám ơn Nhã Nam, cám ơn Tiki.",6,1419665728
414091,714086,Nguyen Thuy hANG,5,Cảm động,"Câu chuyện có nội dung rất nhân văn, giàu tình cảm, phù hợp với các bạn nhỏ.",0,1496972942
414091,5104045,Trần Trang,4,Hài lòng,Tôi rất hài lòng về cả vận chuyển lẫn nội dung sách. Con tôi rất hứng thú với sách này,0,1490252834
414091,531312,Hạ Linh,5,Quá ý nghĩa,"Lần đầu tiên nhìn thấy cuốn sách này, mình cũng tò mò không biết vì sao lại có dòng chữ trên bìa sách là :Viện nghiên cứu Văn hóa Giáo dục trẻ em Hàn Quốc khuyên đọc. Đến khi mua về đọc rồi, mình mới thấy đó là lời khuyên chí lý. Ở những nước như Hàn Quốc, Nhật Bản... có những cơ quan văn hóa góp phần tham gia sàng lọc, chọn lựa những cuốn sách phù hợp cho các đối tượng nhất định như vậy, để đưa ra lời khuyên đọc. Cuốn sách này thì giản dị lắm, rất ít lời bình, tranh minh họa sinh động, không có cầu kỳ gì cả, nhưng đọc rất thích. Đọc xong vẫn muốn lật tranh xem lại, Câu chuyện nhân văn, ý nghĩa. ",1,1442640242
195769201,18210793,Phạm Văn Hiệp ,5,Cực kì hài lòng,Sản phẩm đúng mô tả.Giao hàng nhanh.,0,1731649236
195769201,7979537,Huy Nguyễn,5,Cực kì hài lòng,,0,1706706057
212417213,12175039,Thanh Bình,5,Cực kì hài lòng,,0,1676720398
273596565,302565,Bùi Thị Ngọc Loan,5,Cực kì hài lòng,,0,1715226231
273596565,19275928,Xanh May Mắn,5,Cực kì hài lòng,,0,1707561087
74492573,443871,Tran Thanh,5,Cực kì hài lòng,"Đèn sáng và đẹp, giá rất tốt, chỉ không biết bền được bao lâu. Trước mình đã mua sp này nhưng giá 280k đắt hơn rất nhiều thì dùng được 1 năm. Thích nhất là cứ tối đến là nháy đèn sáng, mình có mua loại dùng pin, có 80k nhưng chỉ khoảng 1 tuần là yếu pin vì hay quên tắt vào buổi sáng, giờ lười thay pin nên để đó. Lưu ý là ngày đầu tiên mới mua thì đèn tối do chưa nạp đủ năng lượng làm mình cứ tưởng bị hỏng.",1,1617519320
74492573,11041481,Nguyễn Hoàng Ân,5,Cực kì hài lòng,"Sản phẩm tốt, shop có tâm. Cảm ơn shop đã tặng quà. Chúc shop năm mới buôn may, bán đắt, làm ăn phát đạt nhé. Mình sẽ mua thêm sản phẩm.",0,1642854926
74492573,13574288,Vĩnh Lê Bảo Hòa,4,Hài lòng,"Tấm năng lượng mặt trời OK.
Dây và bóng gia công sơ sài quá. có một số bóng bị rớt vỏ nhựa hình cầu ra luôn (do dán keo không tốt.",0,1648457605
74492573,8386935,Tran Nguyen,5,Cực kì hài lòng,"Mấy ngày nay trời mưa nên k sạc được nhìu nhưng đến tối đèn vẫn tự động sáng. Shop rất dễ thương, gửi kèm thư cám ơn và 1 cái cột tóc nhỏ nhỏ xinh xinh.",0,1622001372
74492573,226308,Phan Pha Lê,5,Cực kì hài lòng,"Đèn đẹp lắm, tối tự sáng. Hi vọng là sp dùng bền nè. Đèn thấy có lỗ chui, ko rõ là có chống nước như mô tả hok",0,1624460381
74492573,18801050,Đặng Hân,5,Cực kì hài lòng,"hàng gói cẩn thận, đèn đẹp, hài lòg hiện tại, xài 1 time để xem.dug lượg pin sao nua là ok",0,1629007070
74492573,8752353,Thanh Bình,4,Hài lòng,Để trang trí k cần nhiều ánh sáng thì ok.,0,1659603213
74492573,16241503,Thy Nguyen,5,Cực kì hài lòng,"sài tương đối , tiền nào của nấy ạ",0,1640159527
74492573,7454933,Hung Tran,3,Hài lòng,Bóng nhỏ hơn so với kỳ vọng khi nhìn ảnh.,0,1643123291
74492573,250407,Pe Dung,5,Cực kì hài lòng,đẹp cứng cáp,0,1630443021
74492573,14585450,Hong Duc,5,Cực kì hài lòng,hàng sử dụng ok,0,1643522089
74492573,7454933,Hung Tran,4,Hài lòng,,0,1643123241
74492573,6015459,N.Tuấn Deutschland,5,Cực kì hài lòng,,0,1642598091
74492573,7739203,Nguyen Viet Anh,5,Cực kì hài lòng,,0,1642511489
74492573,8326095,Thanh Thanh,5,Cực kì hài lòng,,0,1641359655
74492573,18081914,Nguyễn Ngọc Loan,5,Cực kì hài lòng,,0,1641225623
74492573,16216163,Le Anh Tuan,5,Cực kì hài lòng,,0,1639026964
74492573,19712085,Hồ Tuấn Nam,5,Cực kì hài lòng,Sản phẩm rất ok hàng như hình ảnh,0,1609729512
74492573,8108825,Lãnh Diệp,5,Cực kì hài lòng,,0,1635092163
74492573,10531012,Binh Tran,5,Cực kì hài lòng,,0,1625701693
74492573,226308,Phan Pha Lê,5,Cực kì hài lòng,,0,1625223187
74492573,11174671,Ron Thang,4,Hài lòng,,0,1624141968
74492573,15243021,sa niên,4,Hài lòng,,0,1619652028
208137314,5800142,Nguyen Le Cao Tri,5,Cực kì hài lòng,găng tay cảm ứng dt tốt nhưng bị rách xi ở đầu ngón cái bên tay trái mất rồi. Nhưng có lẽ không sao! xi này để lâu ngay nó rách bung xi là bình thường khó tránh. quan trọng là cảm ứng ok là được,0,1752131404
208137314,28606485,Canh Ky,1,Rất không hài lòng,"Shop *** mình đặt găng giữ nhiệt, Nhưng giao 1 cái túi.",0,1703765171
208137314,21514272,Nguyễn Huy Thao,4,Hài lòng,,0,1735715999
208137314,9907113,Minh Ngo,1,Rất không hài lòng,"Sản phẩm giao sai ,yêu cầu tiki đổi hàng cho tôi",0,1695472653
208137314,28260195,Nguyễn văn Kính,4,Hài lòng,,0,1709860941
208137314,27401633,Wu Tien Pao,5,Cực kì hài lòng,,0,1706794811
208137314,9907113,Minh Ngo,5,Cực kì hài lòng,Sản phẩm tốt. Giao hàng nhanh,0,1676885482
208137314,21849408,Pham Khanh Hang,5,Cực kì hài lòng,,0,1697347323
208137314,21167471,Nguyễn Văn Hạnh,5,Cực kì hài lòng,,0,1675827107
208137314,13577804,Đỗ Tường,4,Hài lòng,,0,1673600686
208137314,12454801,Ngọc Nguyễn,5,Cực kì hài lòng,,0,1671189958
197529621,33144,Tạ Công Quí,5,Cực kì hài lòng,"Găng tay đẹp, giống hình, rất dày và ấm, phù hợp để đi những vùng lạnh, có khoá gài 2 chiếc với nhau để tránh thất lạc. Shop hỗ trợ nhiệt tình, giải đáp mọi thắc mắc của mình, cho shop 10đ :D",2,1668590163
197529621,17993999,van xuân bách,5,Cực kì hài lòng,Ko tiẹn chụp găng tay vì cất rồi,0,1712573087
197529621,30128742,Apple User,5,Cực kì hài lòng,,0,1735613644
197529621,20014086,Nguyễn Minh Chủ,5,Cực kì hài lòng,"Vừa nhận hàng, chưa đeo nhưng thấy đẹp, dày dặn. đóng gói cẩn thận. Sử dụng xong sẽ đánh giá chất lượng giữ ấm với chông nước sau...",0,1674114833
197529621,285510,Tran Tien Dat,5,Cực kì hài lòng,"Đẹp, ấm, thoải mái",1,1670300901
197529621,10448827,Ngô Duy Hưng,5,Cực kì hài lòng,"Đặt nhầm màu, thôi dùng tạm.",0,1706500813
197529621,15763434,Hoàng Văn Phong,5,Cực kì hài lòng,Hàng dùng tốt. Đáng đồng tiền bát gạo.,1,1672637214
197529621,1581818,Trần Quang Đăng,4,Hài lòng,,0,1715257895
197529621,15104085,Dương Quốc Hưng,5,Cực kì hài lòng,"Giữ ấm tốt, mẫu mã đẹp",0,1703391698
197529621,15583878,THANH TRAN,5,Cực kì hài lòng,,0,1712028695
197529621,1579667,Hoàng Hoài Nam,5,Cực kì hài lòng,Sản phẩm tốt,0,1706076924
197529621,8409071,Thanh Tú,5,Cực kì hài lòng,,0,1709017997
197529621,8806076,Duc Thuan Phan,5,Cực kì hài lòng,,0,1708669325
197529621,5807248,Tuấn Nguyễn,5,Cực kì hài lòng,,0,1707958458
197529621,12733858,Đỗ Văn Anh,5,Cực kì hài lòng,,0,1707904020
197529621,13399533,Văn Trọng Minh,5,Cực kì hài lòng,,0,1707791215
197529621,306480,Trần Minh Thanh,5,Cực kì hài lòng,"Găng tay dày, rất ấm. Đi mưa rét nhưng không lạnh chút nào",0,1676884186
197529621,12568193,Nguyễn Thành Nhân ,5,Cực kì hài lòng,Bao tay đẹp. Đóng gói xịn xò. Chất lượng tốt. Bao ấm!,0,1675740911
197529621,8485677,Trịnh Tuấn,5,Cực kì hài lòng,,0,1695307019
197529621,16374644,Nguyễn Nam,5,Cực kì hài lòng,,0,1686987766
197529621,2178552,Truong Van Bac,5,Cực kì hài lòng,"găng tay ấm, dày, đóng gói tốt",1,1670235345
197529621,17768867,Ông Lưu,5,Cực kì hài lòng,,0,1679379479
197529621,7264814,Nguyễn văn trúc,4,Hài lòng,Giữu ấm tốt,0,1673923700
197529621,10065037,Trần Quốc Tuấn,5,Cực kì hài lòng,,0,1675239848
197529621,19114633,Nguyễn Văn Phước,4,Hài lòng,,0,1673503664
197529621,404567,Ngọc Anh Nguyễn,5,Cực kì hài lòng,,1,1673251986
197529621,1514453,Mura Hasaki,5,Cực kì hài lòng,,0,1672507757
197529621,6493250,Giang Hà Quách,5,Cực kì hài lòng,,0,1672249232
197529621,17351719,Le Thuy,5,Cực kì hài lòng,,1,1671548470
197529621,16324416,Trn Lan Chi,4,Hài lòng,,1,1671033377
197529621,12697299,Trần Khải,4,Hài lòng,,1,1671022845
197529621,19228245,Sao mai,4,Hài lòng,,1,1670511769
197529621,5432562,Nguyễn Nhật Nam,5,Cực kì hài lòng,,1,1670419988
197529621,11928420,kim yến,5,Cực kì hài lòng,,1,1670320141
197529621,11928420,kim yến,5,Cực kì hài lòng,,1,1670320144
197529621,1128646,Lâm Hoàng Nhã,5,Cực kì hài lòng,,1,1669987379
197529621,7632988,Hưng Nguyễn Việt,5,Cực kì hài lòng,,1,1669601814
197529621,16190815,Đặng Kim Nhung,5,Cực kì hài lòng,,1,1668819397
197529621,28156736,Thanh Tu,5,Cực kì hài lòng,Rất ấm,1,1665458910
197529621,28156736,Thanh Tu,5,Cực kì hài lòng,,1,1665458902
9732126,23114991,tuấn hoà,5,Cực kì hài lòng,Găng tay da mềm. Bên trong có lớp lót mềm đeo thích ghê. Da chất hàng ok khỏi chê. Hàng mua trên tiki thấy chọn lọc hơn ít lỗi hơn các sàn khác. Càng mua càng thấy tin tưởng hơn. Ah sản phẩm vuốt điện thoại cảm ứng quá nuột luôn nữa ấy. Sẽ tiếp tục ủng hộ shop nếu có nhu cầu. Cảm ơn shop.,0,1638626277
9732126,22728760,thanh trúc,5,Cực kì hài lòng,"Găng tay da rất ấm áp. Lần đầu tiên mua hàng trên tiki thấy sản phẩm rất chất lượng nên viết nhận xét để mọi người tham khảo. Da rất mềm, bên trong có lớp lông ấm áp. Trời hà nội năm nay lạnh khô đeo quá là ấm luôn. Nhưng kẻ cả mưa thì cũng chỉ cần lau qua đi là ok rồi. Không lo ươt như găng tay vải. Cảm ứng điện thoại thì cứ gọi là trơn nuột. Sản phẩm tốt. Xứng đáng 5 sao.",0,1638410876
9732126,23115046,lê khuê,5,Cực kì hài lòng,Găng tay quá chất quá đẹp luôn. Da rất mềm và co giãn rất tốt. Đeo ấm thôi rồi luôn. Lớp lông lót bên trong tạo cảm giác ấm mà rất dễ chịu. Cảm ứng điện thoại vuốt vèo vèo không phải nghĩ ngợi luôn. Hàng tốt giao nhanh đanhs giá 5 sao ủng hộ shop.,1,1635406730
9732126,23115055,ngũ hùng,5,Cực kì hài lòng,"Găng tay mềm, co giãn tốt, đường may tỉ mỉ chắc chắn. Lớp da bóng đẹp mềm mại nữa. Lớp lót nỉ lông ở bên trong khi đeo cho cảm giác dễ vừa tay và dễ chịu. Shop giao hàng nhanh hai ngày là lấy được sản phẩm rồi. Uy tín, ủng hộ shop",0,1635427617
9732126,23115065,lê quyền,5,Cực kì hài lòng,Găng tay da ấm áp. Mua về đúng đợt rét đầu mùa dùng thích ghê. Đi mưa khá ổn không sao cả. Lớp lông bên trong làm găng tay mềm mại dễ chịu. Da co giãn tốt đeo cũng rất thoải mái nữa ý. Sản phẩm tốt đánh giá 5 sao. Cảm ơn shop và tiki,0,1635466239
9732126,22902848,ngọc thúy,5,Cực kì hài lòng,"Găng tay da mềm mại, lớp lót lông đeo vào rất ấm và êm tay nữa, không có cảm giác thôi bởi da. Đeo rất mềm mại và dễ chịu. Cảm ứng điện thoại ngon lành. Nói chung so với tầm giá thì đánh giá 5 sao ủng hộ shop luôn.",1,1641632737
9732126,22964719,hoàng tâm,5,Cực kì hài lòng,Găng tay da tốt dùng ok. Da mềm mại có lớp lót. Cảm ứng điện thoại tốt. Sản phẩm đáng mua. Ủng hộ shop 5 sao. Cảm ơn shop.,0,1642215072
9732126,12475239,Loan Cao,5,"mẫu mã đẹp chất lượng tốt, vẩn tin dùng tiki nhất","tôi đã nhận được hàng, mẫu mã chất lượng sản phẩm khỏi chê nhé mọi người, làm ăn uy tín, chất lượng, cảm ơn shop nhiều nhé, bán chât lượng, trước giờ tôi mua găng tay thường mua của thương hiêuj TOPEE này, cảm thấy tin tưởng vè chât lượng của họ, tiki lam ăn rất chuẩn cảm ơn tiki nhiều",0,1574391787
9732126,18397686,Bùi Như Yến,4,Hài lòng,"sản phẩm đúng như mô tả, Đi trời lạnh mà k có thì buôn tê táu",0,1641039900
9732126,10401445,Ngô Phước Thịnh,3,Bình thường,"San phẩm size chỉ có 1 , không giống hình",0,1664091925
9732126,26530660,Thanh Tùng,5,Cực kì hài lòng,"Sản phẩm tốt, ấm áp, lót lông bên trong dùng thích. Cảm ứng điện thoại nuột",0,1647741082
9732126,16477381,Thủy Đỗ,2,Không hài lòng,"SP không như mong đợi.
K biết có phải mua lúc giảm sâu k. Mà khá thất vọng.",0,1644948642
9732126,26530968,Hoàng Đạo,5,Cực kì hài lòng,"Găng tay đẹp, thời trang. Dùng ok, cảm ứng đt nuột.",0,1647742116
9732126,27355937,nguyen hoang,2,Không hài lòng,hàng không được tốt lắm :((((,0,1655134751
9732126,12169602,Hoàng Minh Tường,1,Rất không hài lòng,"dùng đc 2 hôm, đi mưa cái rộp nát luôn",0,1651747156
9732126,23474185,Vu dinh nam,3,Bình thường,"shop không có size  , bây giờ ngón tay tớ  dài hơn so với găng tay",0,1636878542
9732126,12229661,Nguyễn Quốc Hưng,3,Bình thường,mình ấn nhầm lên bị ship.,0,1639028610
9732126,20831743,trần anh tuấn,2,Không hài lòng,găng tay tốt nhưng ko có size cho khách hàng chọn,0,1644830559
9732126,13216130,Huynh Bui Van,5,Cực kì hài lòng,chất lượng sản phẩm tốt,0,1648365212
9732126,26416194,Tiến Đạt,5,Cực kì hài lòng,Hàng tốt. Cảm ứng đt nuột,0,1647739341
9732126,1006865,Ban Hoàng,5,Cực kì hài lòng,Sản phẩm đúng như quảng cáo,0,1646591247
9732126,25024561,Lương Thach,2,Không hài lòng,găng tay giá hơi đắt so với chất lượng,0,1639142447
9732126,6229092,Bùi Xuân Huy,2,Không hài lòng,chất cũng k đẹp. mmmmmmmmmmmm,0,1642775765
9732126,26584048,Thanh Tâm,5,Cực kì hài lòng,"Đẹp, da tốt",0,1648107315
9732126,10797270,Ngọc Sơn Bùi,5,Cực kì hài lòng,"dùng tốt, giao hàng nhanh",0,1642215126
9732126,22736337,hoang moc,3,Bình thường,lông không giống như ảnh trong hình,0,1635775450
9732126,23149893,Quang Ca,4,Hài lòng,găng tay dùng khá ok,0,1640724128
9732126,388324,Vu  Hieu,5,Cực kì hài lòng,,0,1647666028
9732126,23949503,Tran Anh Van,5,Cực kì hài lòng,hàng chuẩn,0,1643031174
9732126,16327733,Nguyễn Thị Lệ Quyên,5,Cực kì hài lòng,,0,1645115436
9732126,26355182,Hồng Sùng,4,Hài lòng,,0,1644544126
9732126,16883864,Vũ Hồng Phúc,5,Cực kì hài lòng,Rất tuyệt,0,1636094640
9732126,7868328,Lý Thành Phương Duy,5,Cực kì hài lòng,,0,1640093518
9732126,8778741,Quang Diện Nguyễn,5,Cực kì hài lòng,ok.,0,1638076685
9732126,14313970,Hùng Đặng,4,Hài lòng,,0,1635345470
9732126,19754284,Lê Chiến,2,Không hài lòng,Mới dùng mà mặt da đã bị bong tróc,0,1611441839
9732126,18388389,nguyễn long,5,Cực kì hài lòng,,0,1600252057
34361379,8827753,Giang Nguyen,5,Cực kì hài lòng,,0,1614001792
34361379,13315571,Hòa Đỗ Thị,5,Cực kì hài lòng,,0,1607900646
271784761,10285915,Ngọc Thạch,1,Rất không hài lòng,"Thời gian sử dụng không đúng miêu tả. 
Sản phẩm lỗi nhưng shop không đổi trả.",0,1731626599
271784761,30307487,Mỹ Luyến ,5,Cực kì hài lòng,,0,1740881721
271784761,7213936,Đỗ Hải,5,Cực kì hài lòng,,0,1715912764
271784761,12175039,Thanh Bình,5,Cực kì hài lòng,,1,1692772763
271784761,29053831,Apple User,5,Cực kì hài lòng,,0,1692770130
44183698,15446411,Hoàng Văn Tuy,3,Bình thường,"mình mua size M bị chặt quá, có thể đổi size L được không",0,1610424100
44183698,1189012,Huyen Pham,5,Cực kì hài lòng,"đẹp mà size hơi nhỏ, vòng tay mình 19 mà mua size M thấy hơi chật",1,1589553128
44183698,1950587,Nguyễn Tiến Thành,5,Cực kì hài lòng,,1,1603891934
273314338,13125811,Ngô Thời Nguyên,5,Cực kì hài lòng,,0,1612670307
273314338,11509963,Ngoc Tuyet,3,Bình thường,,0,1608732644
191907211,22955871,Trần Thị Sương,4,Hài lòng,túi ok,0,1666058762
191907202,12338268,Khánh Nam,5,Cực kì hài lòng,"Xinh xuất sắc, giao đúng mẫu, giao hàng nhanh nữa ạ
Mọi người nên ủng họ nhé 
ảnh copy lười chụp hjhj",0,1663149168
192862931,28671515,Nguyễn Đức Khá,5,Cực kì hài lòng,,0,1683377505
192862931,16845361,phạm quốc tiến,5,Cực kì hài lòng,,0,1666767430
192862931,19585880,Lê Phương Quí,5,Cực kì hài lòng,,0,1662542907
9732730,23115014,trung phong,5,Cực kì hài lòng,"Shop đóng gói cẩn thận giao hàng nhanh mặc dù đang dịch. Khá là vui. Sản phẩm thì khá là tốt. Da chắc chắn, độ co giãn cao. Lớp lót nỉ lông tạo cảm giác bó sát, êm và dễ chịu khi sử dụng. Cảm ứng điện thoại ok, vuốt như không đeo luôn. Rất hài lòng. Sản phẩm đáng mua các bạn ạ.",0,1634109758
9732730,23115046,lê khuê,5,Cực kì hài lòng,Găng tay quá chất quá đẹp luôn. Da rất mềm và co giãn rất tốt. Đeo ấm thôi rồi luôn. Lớp lông lót bên trong tạo cảm giác ấm mà rất dễ chịu. Cảm ứng điện thoại vuốt vèo vèo không phải nghĩ ngợi luôn. Hàng tốt giao nhanh đanhs giá 5 sao ủng hộ shop.,0,1635407041
9732730,23115055,ngũ hùng,5,Cực kì hài lòng,"Găng tay mềm, co giãn tốt, đường may tỉ mỉ chắc chắn. Lớp da bóng đẹp mềm mại nữa. Lớp lót nỉ lông ở bên trong khi đeo cho cảm giác dễ vừa tay và dễ chịu. Shop giao hàng nhanh hai ngày là lấy được sản phẩm rồi. Uy tín, ủng hộ shop",0,1635427797
9732730,23115065,lê quyền,5,Cực kì hài lòng,Găng tay da ấm áp. Mua về đúng đợt rét đầu mùa dùng thích ghê. Đi mưa khá ổn không sao cả. Lớp lông bên trong làm găng tay mềm mại dễ chịu. Da co giãn tốt đeo cũng rất thoải mái nữa ý. Sản phẩm tốt đánh giá 5 sao. Cảm ơn shop và tiki,0,1635466702
9732730,22902848,ngọc thúy,5,Cực kì hài lòng,"Găng tay da mềm mại, lớp lót lông đeo vào rất ấm và êm tay nữa, không có cảm giác thôi bởi da. Đeo rất mềm mại và dễ chịu. Cảm ứng điện thoại ngon lành. Nói chung so với tầm giá thì đánh giá 5 sao ủng hộ shop luôn.",1,1641632817
9732730,23115019,tạ trung,5,Cực kì hài lòng,"Găng tay da quá chất luôn. Chắc chắn, độ co giãn cao. Lớp nhung lông bên trong tạo cảm giác đeo bó sát từng ngón, rất ấm vào không có cám giác bị vướng bỏi các mép da thừa. Dùng quá là ok luôn. Sản phẩm đáng mua.",0,1635398697
9732730,17553152,minh tri,5,Cực kì hài lòng,"Sản phẩm đẹp mềm mại, dùng rát ưng, giống như shop mô tả, chất lượng rất tuyệt vời, cảm ứng điện thoại rất tốt, mẫu mã đẹp ưng ý quá. Cảm ứng như tay thường luôn, cảm ứng tốt quá. Năm sao cho sản phẩm nhé, đóng gói chắc chẮn, giao hàng rất nhanh, một ngày nhận được luôn",0,1601949081
9732730,18918981,sam cao,5,Cực kì hài lòng,"Hàng đẹp như hình không sai chút nào, chất da xịn xò mềm mịn, lót ấm , mình mang tay vừa vặn luôn đi xe máy tay ga thoait mái k trơn trượt đâu ấy ?????, lại còn giao hàng nhanh mới đặt đã nhận được, thanks shop cho 5 sao luôn ????????????????????",0,1603432457
9732730,22964719,hoàng tâm,5,Cực kì hài lòng,Găng tay da tốt dùng ok. Da mềm mại có lớp lót. Cảm ứng điện thoại tốt. Sản phẩm đáng mua. Ủng hộ shop 5 sao. Cảm ơn shop.,1,1642215115
9732730,134560,bùi thanh,4,Hài lòng,không có cảm ứng điện thoại và hôi mùi,0,1714617642
9732730,12689194,Phong Lê,5,Cực kì hài lòng,"Khá ok, giao nhanh",0,1642912369
9732730,15640373,Tran Quoc Van,3,Bình thường,Hàng mình đã nhận vừa xong ít phút mở da đeo thì thấy bị lỗi BUNG CHỈ. Mong cửa hàng lần sau trước khi giao hàng cho các khách hàng tiếp theo nên chú ý hơn.,1,1607569903
9732730,7928589,LONG CHAU,5,"sản phẩm tuyệt vời, chất lượng tốt năm sao cảm ơn tiki","chát lượng rất tốt, mẫu mã đẹp, găng tay tốt, đường may chắc chắn, cảm ứng điện thoại rất tốt, mượt mà như dùng tay thường, rất tin tưởng tiki tôi đã mua hàng của tiki nhiều lần rồi, nên yên tâm sẻ ủng hộ thêm cho tiki nhiều hơn",0,1574391204
9732730,6491320,Nguyễn Thị Phượng,3,Bình thường,giao chậm bao tay mỏng nhìn ko được đẹp cho lắm,0,1649043068
9732730,1829852,Nguyễn Xuân Quang,3,Bình thường,Hơi đểu nha shop ơi :( nhưng thôi vì nó rẻ,0,1647010285
9732730,13277424,Phước Lê Công,1,Bao tay da chống nhước,"Tôi hoàn toàn thất vọng, tôi tín đồ của TUKI, nhưng tiki không tôn trọng khách hàng, giao cho tôi sản phẩm gần như phế thải, không nên vậy, bây giờ tiki tính sao sản phẩm nầy với tôi.",10,1572919925
9732730,5946782,Trần Trọng Đức,1,Rất không hài lòng,không chốnh nước được. da nhanh bong tróc,0,1643998548
9732730,19373480,Phan văn đoàn,5,Cực kì hài lòng,Hàng đúng như quảng cáo,0,1647271203
9732730,12823136,Dương Blue,2,Không hài lòng,Chưa nhận đc hàng đã đổi status,0,1642921233
9732730,26541069,Quang Đoàn,2,Không hài lòng,ko được ấm đj tay vẫn lạnh,0,1643852508
9732730,9143705,Phan Sang,5,Cực kì hài lòng,bao tay đẹp. ấm,0,1644153333
9732730,22986629,Hoàng Tùng,5,Cực kì hài lòng,,0,1646548591
9732730,17951203,Billate Bang,5,Cực kì hài lòng,,0,1643077596
9732730,14362757,Vuong On,1,Rất không hài lòng,shop lm ăn ẩu vl ra khuyên mọi người đừng mua nhé,0,1607568081
9732730,21619221,f bac,5,Cực kì hài lòng,,0,1620814476
9732730,16884258,Cậu út,1,Rất không hài lòng,quá kém cần phải xem lại .,0,1606387345
9732730,2045040,nguyen ngoc son,4,Hài lòng,,0,1614426172
9732730,14480535,DƯƠNG VĂN XUYÊN,5,Cực kì hài lòng,,0,1613175760
9732730,1177096,Viet Anh Le,5,Cực kì hài lòng,Hàng đúng mẫu,0,1606964458
9732730,18271113,Nguyen Thanh Thien,5,Cực kì hài lòng,,0,1611471843
9732730,11898990,Minh Nguyen,4,Hài lòng,,0,1611228375
9732730,11378328,Phạm Khánh,5,Cực kì hài lòng,ok,0,1610512983
9732730,12870245,Đinh Hải Nam,5,Cực kì hài lòng,,0,1610977050
9732730,15761359,Nguyn Luyn,4,Hài lòng,,0,1609545967
9732730,19693913,Quyền Ka,4,Hài lòng,,0,1609493662
9732730,19178844,Lê Trí ,5,Cực kì hài lòng,,0,1608894555
9732730,17350771,Loc Pham,3,Bình thường,,0,1608873544
9732730,16576670,Bi Th Ngc Huyn,4,Hài lòng,,0,1608204015
9732730,9118346,Lê Tâm,5,Cực kì hài lòng,,0,1607398540
9732730,12189531,Pham nhu Huân,5,Cực kì hài lòng,,0,1607226501
9732730,15763889,Hoài An,5,Cực kì hài lòng,sp ok,0,1605226436
9732730,11431858,Nguyễn Ngọc Hồng Linh,3,Bình thường,,0,1605621434
9732730,15976662,Chm Ht,5,Cực kì hài lòng,Ok. Hàng đúng như trên hình. Giao nhanh chất liệu thấy ok,0,1583382063
9732730,7867425,Hoang Than,5,Cực kì hài lòng,Giao hàng nhanh.phù hợp với mùa lạnh,0,1585160254
9732730,15386225,Vũ Quảng,1,Rất không hài lòng,Chất lượng kém.,0,1591082280
9732730,14811612,Đinh Văn Chuyển,3,Bình thường,ok,0,1596968407
9732730,148016,vũ ngọc Huyền,3,Bình thường,,0,1591668876
273596553,7859171,Nguyen Minh Ngoc,5,Cực kì hài lòng,,0,1717818003
70893168,18307327,Chang Vũ thị huyền,1,Rất không hài lòng,Quần thì ống thấp ống cao.chất liệu không được như ý.,0,1610117719
70893168,10218122,Trịnh Thị Hạnh ,4,Hài lòng,Hài lòng,0,1608677363
70893168,19515393,Tình Tình Sẽ Phai,5,Cực kì hài lòng,,0,1610750970
70893168,18119297,Nguyễn Thị Huệ,3,Bình thường,,0,1610597332
70893168,19823132,Vũ Thị Hằng ,3,Bình thường,,0,1610462371
70893168,14558656,Nguyễn Thị Hương,5,Cực kì hài lòng,,0,1609909265
70893168,18547921,Phương Vy,3,Bình thường,,0,1608279387
70893168,13287821,Nhung Nhung Xinh,3,Bình thường,,0,1607938683
273314095,6081017,Võ Minh Ngà,5,Cực kì hài lòng,,0,1714982597
273596549,7859171,Nguyen Minh Ngoc,5,Cực kì hài lòng,,0,1717818008
276679093,14857682,Tran Anh Tuan,5,Cực kì hài lòng,,0,1738895896
40052159,879859,Phạm Thị Duyên,3,Bình thường,"Quyển này mình mua đầu tháng. Hôm nay khi đang đọc thì vô tình lật tờ cuối cùng thì thấy bị rách. 
Sách mua trên Tiki Trading k lo hàng giả, giá cả phải chăng, nhưng thỉnh thoảng lại nhận được sách thế này, khá khó chịu.
Mong bên Tiki Trading cẩn thận hơn trong khâu chọn sách gửi cho khách hàng.",0,1705858530
40052159,891548,Hiểu Băng,5,Cực kì hài lòng,"Mình đọc thấy nhiều nhận xét đánh giá truyện ko cao, nhưng riêng mình thấy nội dung khá ổn, rất nhân văn và thực tế, các sự việc rất logic, vẫn có tình tiết gây bất ngờ vào cuối truyện. Thích đọc truyện của Robert Dugoni lắm lắm.",0,1678022971
40052159,589566,La Thanh Thảo,5,Cực kì hài lòng,"Thật sự là fan của thể loại trinh thám và hơi khó tính trong việc chọn sách để đồng hành, nhưng bộ Tracy Crosswhite của Robert Dugoni “vị vua của dòng văn học trinh thám pháp lý” quá hay. 
Và đúng nghĩa là Cận Kề Tổ Ấm vì ẻm đã vượt bão từ ĐN ra HN để đến tay mình. 🥺

Sách được bao bọc rất kỹ, cám ơn Tiki nhé!",0,1631894038
40052159,27885316,Thùy Linh,5,Cực kì hài lòng,"Sách không có seal, bọc đựng thì bị rách một tí, nma sách không bị gì, đỉnh thiệc. Săn với hời, giá chỉ 50% giá bìa thui, còn là cuốn cuối cùng nữa :33",0,1671532624
40052159,19763709,Hoàng Văn Hiền,5,Cực kì hài lòng,"Mua sale khi Đinh Tị mừng sinh nhật tiki nên giá siêu rẻ,sách hết trong vài chục giây,chiến trường quyết liệt quá ạ. Sách mới,nội dung hay k bàn cãi luôn,giao hàng nhanh",0,1615522230
40052159,11049792,Lê Khánh,5,Cực kì hài lòng,,0,1706752119
40052159,17787021,Lam Lam,5,Cực kì hài lòng,"Mình rất thích tác giả này. Ông xây dựng cốt truyện và hình tượng nhân vật từ trong bóng tối, bế tắc. Cách dẫn dắt tinh tế và liền mạch khiến người đọc như cuốn vào nội dung của sách. Sách mới, đẹp và chất",0,1619329070
40052159,16859213,Trinh Minh Hoang,5,Cực kì hài lòng,"Sách còn mới, sale sâu, giao nhanh, tuyệt vời",0,1666776244
40052159,714856,Cao Viet,4,Hài lòng,"Truyện hấp dẫn về một vụ án tai nạn do xe hơi gây ra nhưng hung thủ không thừa nhận, sau đó mất đi chứng cứ quan trọng. Điểm trừ là chưa lý giải một số tình tiết quan trọng",0,1619183916
40052159,545201,Thái Duy Đức,5,Cực kì hài lòng,"Dịch thuật và biên tập rất tốt, đọc dễ hiểu và cuốn hút.
Nội dung lúc đầu là 2 mạch truyện tưởng như không liên quan đến nhau nhưng càng về cuối lại có nhiều điểm chung xuất hiện, cái này giải thích cho cái kia. Bên cạnh đó, truyện còn đề cập đến những vấn đề nóng như sốc ***, làm việc tăng ca của cảnh sát ...
Tuy nhiên, có 1 điểm mà mình thấy chưa tốt làm là ảnh bìa còn kém hấp dẫn so với phần trước (dù có liên quan đến nội dung).",2,1584420035
40052159,1048481,Nguyễn Gia Bảo Lâm,5,Cực kì hài lòng,"Sản phẩm đẹp, đóng gói chắc chắn, giao hàng nhanh, sách tiki là chính hãng r,  sẽ luôn ủng hộ tiki.",0,1636268195
40052159,381980,Nguyễn Thành Duy,5,Cực kì hài lòng,sản phẩm đã mua được giao nhanh và đẹp. Đúng hàng. Mua sale rất ưng ý nha mọi người. sẽ ủng hộ tiki dài dài về sau nữa.,0,1619571558
40052159,7378071,Thuan Nguyen,4,Hài lòng,,0,1672932028
40052159,6698703,nguyễn quỳnh,5,Cực kì hài lòng,"Truyện mới, đẹp, săn sale được giá tốt,Tiki giao hàng nhanh chóng cực kì hài lòng với sản phẩm.",0,1619832550
40052159,17446766,Thuận Thành,5,Cực kì hài lòng,sách mới tinh. giao hàng nhanh. 5 saoooooooo,0,1640517341
40052159,11376460,Long Nguyễn,5,Cực kì hài lòng,"Sách mới, đẹp, lại săn được giá sale rất thích. Nội dung ổn, biên dịch mượt mà.",0,1619262680
40052159,7629296,Thành Lý ,5,Cực kì hài lòng,sách mới. nội dung khá hấp dẫn. lôi cuốn. mua được giá sale siêu hời.,0,1619239003
40052159,63477,Tran Vu Cam,4,Hài lòng,chân thực với công tác điều tra mà ko thiếu sự kịch tính,0,1629686475
40052159,18334364,Hùng Bùi,5,Cực kì hài lòng,,0,1650762870
40052159,17517042,Hoàng Phúc,3,Bình thường,"Sách cũ, bụi bẩn nhiều, trong đơn còn có quyển rách",0,1615685501
40052159,18112815,Hùng Nguyễn ,5,Cực kì hài lòng,sách đẹp. giao nhanh. truyện hay nha mn,0,1619325251
40052159,22365637,Trung Hieu,5,Cực kì hài lòng,,0,1647168632
40052159,18259708,Lê Thị Kiều Anh,5,Cực kì hài lòng,,0,1646640049
40052159,19326407,Van anh,5,Cực kì hài lòng,săch săn sale như vậy quá ổn,0,1619178431
40052159,23348,Dương Minh Châu,5,Cực kì hài lòng,"Sách mới, đề tài trinh thám, dù lối hành văn hơi chậm.",0,1622461429
40052159,6927111,bao son,5,Cực kì hài lòng,tuyệt vời nhé cả về nội dung lẫn quá trình giao hàng của tiki,0,1617271944
40052159,13837901,Ngọc Loan,5,Cực kì hài lòng,Rất thích tác phẩm,0,1634095585
40052159,25459260,Vy Nguyễn,5,Cực kì hài lòng,,0,1639990930
40052159,5599181,Sharks Only Love Blood,5,Cực kì hài lòng,"Hi vọng sẽ có phần cuối sớm nhất... 
truyện nghiên về trinh thám pháp lý thích hợp cho những ai muốn tìm hiểu pháp luật mỹ.",0,1585796846
40052159,21041890,Trịnh Thanh Hương,5,Cực kì hài lòng,,0,1621038996
40052159,7197425,Trung Hoang,5,Cực kì hài lòng,,0,1634493800
40052159,398746,Nguyen Do Thuy Trang,5,Cực kì hài lòng,,0,1620442087
40052159,8215549,Nguyễn Lan Anh,5,Cực kì hài lòng,,0,1620049790
40052159,15130625,Nguyễn Trần Hoàng Minh,4,Hài lòng,,0,1619659651
40052159,10177080,Hoàng Hà,5,Cực kì hài lòng,,0,1619528459
40052159,10832742,Vô Danh,5,Cực kì hài lòng,,0,1619370606
40052159,21226273,Luong Tram,5,Cực kì hài lòng,,0,1618740135
40052159,1659340,Tram,5,Cực kì hài lòng,,0,1618633867
40052159,10844322,Trần Thưởng,5,Cực kì hài lòng,,0,1616431288
40052159,11326885,Minh Ánh,5,Cực kì hài lòng,,0,1616169810
40052159,572891,Trịnh Công,5,Cực kì hài lòng,,0,1615797719
40052159,1969879,Thúy Diễm,5,Cực kì hài lòng,,0,1615626701
40052159,15208552,Quang Huy,5,Cực kì hài lòng,,0,1615569398
40052159,18128702,Trung Kiên,4,Hài lòng,,0,1615531703
40052159,957547,Bùi Bích Tuyền,5,Cực kì hài lòng,,0,1615530653
40052159,13176494,Hong Thanh Nga,5,Cực kì hài lòng,Giao hang nhanh,0,1610029396
40052159,8533989,Mỹ Nhàn Tiêu,5,Cực kì hài lòng,,0,1613135740
40052159,8866491,Hoa Nguyen,5,Cực kì hài lòng,,0,1606610202
40052159,1053107,Lai Thụy Vy,3,Bình thường,,0,1606483318
40052159,16588750,Nhi Nhi,5,Cực kì hài lòng,"Em đẹp xinh đẹp xinh đẹp lung linh, lung linh lung linhhhh",0,1585145353
40052159,43125,Nguyễn Hương Thủy,5,Cực kì hài lòng,"Rất hay nhà, truyện của tác giả này không làm mình thất vọng",0,1577877775
40052159,6678041,Hà Ruồi,5,Cực kì hài lòng,,0,1601805797
40052159,18329509,Đoàn Tuấn Anh,4,Hài lòng,,0,1600914088
40052159,7691076,Nguyễn Quang Hiển,5,Cực kì hài lòng,,0,1600520305
40052159,16449596,Võ Thị Ngọc Chi,5,Cực kì hài lòng,,0,1597453258
40052159,16846866,Thằng điên,4,Hài lòng,,0,1597235731
40052159,1330854, Nguyenvietchinh,5,Cực kì hài lòng,,0,1592493649
127076143,8034861,Duong Duy Dau,4,Hài lòng,bền đẹp chất lượng nhìn mẫu mã đẹp,0,1674818883
127076143,28761500,Pháp Tuệ ,5,Cực kì hài lòng,,0,1676189672
127076143,21134124,Mai NT,5,Cực kì hài lòng,ok,0,1649236321
5182781,10068598,Tran Thi Thuy Huong,1,Quá tệ,"Mua 10 đôi giao có 5đôi mà cung 91 k , không biết là có biết đếm không???. Coi lại cách bán hàng đi. Kg bao giờ đặt hàng tren Tiki",0,1567430533
275902796,10408329,PHẠM CAO THANG,5,Cực kì hài lòng,,0,1726190809
276423635,30191066,A son,5,Cực kì hài lòng,"Găng tay đẹp quá. Đeo vào tay rất đẹp, chống nước tốt, đường may đẹp, chất lượng sản phẩm rất tuyệt vời, năm sao cho chất lượng sản phẩm. Shop tư vấn nhiệt tình giao hàng rất nhanh. Mẫu mã rất đẹp 10/10 nhé. Mọi ng nên mua sản phẩm này. Shop rất uy tín",0,1730685617
276423635,30191078,Anh dang,5,Cực kì hài lòng,"Sản phẩm đẹp như shop mô tả, đeo cấm cảm ứng diện thoại tốt, rất ưng sản phẩm, chống nc tốt, đi mùa đông sản phẩm rất hợp, rất hài lòng về sản phẩm của shop, nam sao nhea shop",0,1730686430
276417711,30191066,A son,5,Cực kì hài lòng,"Găng tay đẹp quá. Đeo vào tay rất đẹp, chống nước tốt, đường may đẹp, chất lượng sản phẩm rất tuyệt vời, năm sao cho chất lượng sản phẩm. Shop tư vấn nhiệt tình giao hàng rất nhanh. Mẫu mã rất đẹp 10/10 nhé. Mọi ng nên mua sản phẩm này. Shop rất uy tín",0,1730685587
276417711,30191078,Anh dang,5,Cực kì hài lòng,"Sản phẩm đẹp như shop mô tả, đeo cấm cảm ứng diện thoại tốt, rất ưng sản phẩm, chống nc tốt, đi mùa đông sản phẩm rất hợp, rất hài lòng về sản phẩm của shop, nam sao nhea shop",0,1730686453
272362693,5654427,Ms Phong Lan,5,Cực kì hài lòng,"Sách hay, đáng mua",0,1698126860
180720851,29204237,Vương Thuỳ Vân,5,Cực kì hài lòng,"Hàng y hình, đẹp, chất lượng, thời trang !",0,1712650588
180720851,22047029,Nhựt Quang,4,Hài lòng,,0,1710002282
36559841,22173786, Quang Tùng,5,Cực kì hài lòng,"Sản phẩm rất đẹp, mang rất thoải mái và một cảm giác sang chảnh ngay khi mở hộp. Nếu có 10 sao mình cũng tặng shop. Hàng rất chất lượng và đáng đồng tiền.",0,1642040715
36559841,16203606,Nguyễn Tuấn Linh,5,Cực kì hài lòng,,0,1700386823
36559841,9434848,Tien Nguyen,5,Cực kì hài lòng,"Găng tay y hình , cảm ứng đc màn hình , chất lượng chưa đánh giá đc",0,1636967811
36559841,5431763,Đức Lê,5,Cực kì hài lòng,sản phẩm tốt,0,1642510837
36559841,5466186,Phạm Thị Quỳnh Lan,5,Cực kì hài lòng,,0,1646664895
36559841,8873431,Thanhdung,5,Cực kì hài lòng,,0,1638773821
36559841,8873431,Thanhdung,5,Cực kì hài lòng,,0,1638773827
271784292,9124809,Ha Ngoc Huyen,5,Cực kì hài lòng,,0,1738677501
143292987,17497582,Nguyễn Minh Thy,5,Hài lòng,,0,1646107571
75327164,2744,Nguyen Linh,4,Hài lòng,,0,1686635920
75327164,21621081,Tuyet Mai,5,Cực kì hài lòng,,0,1675520147
75327164,16435374,Tram Tran,5,Cực kì hài lòng,"Rất oki, vai tot, giu am tot.",0,1665335078
75327164,8123298,Nguyễn Binh,4,Hài lòng,"gửi không đúng màu, vải nỉ. tạm ổn",0,1656241214
75327164,17935098,Lê Thanh Thuỷ,5,Cực kì hài lòng,,0,1668030727
75327164,17700358,An Nguyen,4,Hài lòng,,0,1640125701
75327164,14654761,M Duyn,5,Cực kì hài lòng,,0,1637281935
75327164,7474818,Nguyễn Thương,3,Bình thường,"Bằng nỉ, mặc ở trong ok, nhưng sẽ mau bẩn",0,1613204385
75327164,6969014,Việt Tuyên,5,Cực kì hài lòng,,0,1611306545
75327164,12325901,Thanh Hà,5,Cực kì hài lòng,,0,1611228281
75327164,12325901,Thanh Hà,5,Cực kì hài lòng,,0,1611152922
7440755,1915165,Đặng Trung Dũng,4,Hài lòng,"Sách đẹp, nội ding truyện rất hay, bé nhà mình rất thích. Mỗi tội không có bookcare nên sách dính mưa bị ướt, bìa bị cong với tách một chút ở đầu. Sách đang đẹp mà bị vậy xót ghê :(",0,1644655985
7440755,27122368,Quynh Nguyen,5,Cực kì hài lòng,,0,1723735352
7440755,90029,Nguyễn Phương,5,Làn hơi ấm,"Đọc cuốn sách này thấy ấm áp đến lịm tim luôn í. Đọc vào những ngày đông lại càng tuyệt. Gấu mẹ phà hơi thở để ủ ấm cho gấu con, để rồi gấu con bắt chước hành động của mẹ phà hơi ấm cho gã thợ săn. Cảm giác như tình yêu có thể làm tan chảy mọi thứ trên trái đất này. Sách phù hợp với bé từ 0-3 tuổi.",0,1598452039
7440755,175812,Trần Hương Lan,5,Cực kì hài lòng,"Sách nội dung dễ thương. Bé nhà mình rất thích câu chuyện về 2 mẹ con gấu Bắc Cực đầy yêu thương và ấm áp. Nên mua thêm cả quyển ""Chiếc mũi đen"" cho đủ bộ.",0,1646718172
7440755,5774869,Trương Huyền,5,Cực kì hài lòng,"Sách mua dọn kho nhã nam, nghe mọi người kêu sợ tiki gói hàng bị móp méo. May mắn là mình không bị quyển nào, sách nội dung đều hay.",0,1642250244
7440755,26058393,ngọc anh,5,Cực kì hài lòng,"quyển truyện bé hơn mình tưởng. bìa hơi cong, lằn và như bị chèn ép, ko bọc nên cảm giác ko đc mới.",0,1641557766
7440755,13798614,NGUYỄN BẢO LONG,5,Cực kì hài lòng,"Giao hàng nhanh, nội dung tốt. 5*",0,1647407880
7440755,21227701,Helen Nguyen,5,Cực kì hài lòng,Nét vẽ đơn giản đáng yêu,0,1643101468
7440755,8415571,Le Thi Kim Ngan,5,Cực kì hài lòng,Đang mùa đông lạnh mà đọc thấy ấm áp vs con gấu con của tui luôn,0,1638403726
7440755,1393779,Lê Thị Nhung,5,Cực kì hài lòng,,0,1660568543
7440755,8472655,Nguyễn Ken,5,Cực kì hài lòng,Câu chuyện rất đáng yêu,0,1645858289
7440755,12007838,Hồng Nguyễn,5,Cực kì hài lòng,Hay,0,1654347067
7440755,861673,Đinh Nguyễn Nha Trang,5,Cực kì hài lòng,,0,1653494159
7440755,19609232,Phuong Nguyen Thi,5,Cực kì hài lòng,,0,1651972903
7440755,15183238,Hồ Ngọc Nguyên Hạnh,5,Cực kì hài lòng,"Sản phẩm đc đóng gói kỹ càng, sách hay bé nhà mình rất thích.",0,1622034715
7440755,21905589,mẹ mít mây,5,Cực kì hài lòng,,0,1645585124
7440755,5632312,Thi Thu Trang Tran,5,Cực kì hài lòng,,0,1645411765
7440755,1297652,Liên Nguyễn,1,Sách không có bookcare. Sách cũ quăn mép. Tiki ngày càng ẩu. Cố tình giao những cuốn sách cũ cho khách. Mình bị nhiều lần rồi hôm nay mới nói,Chất lượng dịch vụ đi xuống. Sách không có bookcare. Sách cũ quăn mép. Tiki ngày càng ẩu. Cố tình giao những cuốn sách cũ cho khách,0,1578821930
7440755,8282145,Uyên Juni,5,Cực kì hài lòng,,0,1642866682
7440755,1779439,Nhật Mai,5,Tan chảy trái tim luôn,Sách này thích hợp nâng chỉ số EQ của trẻ. Cốt truyện về chú gấu sưởi ấm chính gã thợ săn kể cho bé 2t rất thích,0,1575537610
7440755,11507617,Binh Le,5,Cực kì hài lòng,"Sách đẹp, Y nghĩa",0,1630303933
7440755,5790163,Huyền Trang,5,Cực kì hài lòng,,0,1635872434
7440755,22432897,Trần Ngọc,5,Cực kì hài lòng,,0,1635320006
7440755,23324193,Đỗ Thị Hồng Anh,5,Cực kì hài lòng,,0,1631934582
7440755,7274340,Bùi Ngọc Khánh Như,5,Cực kì hài lòng,Vì câu truyện hay ý nghĩa,0,1620872862
7440755,20060965,Hai Yen,5,Cực kì hài lòng,,0,1629196148
7440755,5533006,Hoang Hien,5,Cực kì hài lòng,,0,1625957563
7440755,9039896,Nguyễn Thị Sương,5,Cực kì hài lòng,,0,1625766504
7440755,22173242,Nguyen Thoa,5,Cực kì hài lòng,,0,1625017236
7440755,16349519,Nguyen Ely,5,Cực kì hài lòng,,0,1624249678
7440755,16836313,trang nguyen,5,Cực kì hài lòng,,0,1624117335
7440755,6365066,Thao nguyen,5,Cực kì hài lòng,,0,1622615488
7440755,12352935,Lam Dạ Vũ,5,Cực kì hài lòng,,0,1618202519
7440755,5456509,Trần Thúy An,5,Cực kì hài lòng,,0,1617261005
7440755,17912811,Tài khoản Zalo,5,Cực kì hài lòng,,0,1615519104
7440755,8781926,Nguyễn Thi Duyên,5,Cực kì hài lòng,,0,1613623474
7440755,847013,Phạm Thị Cúc,5,Cực kì hài lòng,Cùng với cuốn Cái mũi đen rất hay và nhân văn,1,1594882952
7440755,16362661,Đinh Thị Thu Hà,5,Cực kì hài lòng,,0,1611456791
7440755,707915,Phuc Vu,5,Cực kì hài lòng,,0,1609159931
7440755,300287,Đoàn Tú Anh,5,Cực kì hài lòng,Sách rất hay và ý nghĩa. Hai bạn nhỏ nhà mình rất thích quyển này và quyển Cái Mũi đen cũng của tác giả Rury Lee & Emanuele Bertossi.,1,1557458556
7440755,10888489,Le Thuy Ha,5,Cực kì hài lòng,,0,1608703324
7440755,6385910,Phạm Thị Đông Phương,5,Cực kì hài lòng,,0,1606825406
7440755,1811106,kimtieumai ,5,Cực kì hài lòng,,0,1606107853
7440755,6914536,Trần Thư,5,Cực kì hài lòng,,0,1605447074
7440755,8570597,Nguyễn Thị Xuân Bình,5,Cực kì hài lòng,,0,1605146654
7440755,7550238,Nguyễn Thị An Thy,5,Cực kì hài lòng,"Truyện hay, nội dung ấm áp, đáng yêu!",0,1585983836
7440755,8350573,Kim Phuong,5,Cực kì hài lòng,,0,1599932606
7440755,6914536,Trần Thư,5,Cực kì hài lòng,,0,1598095495
7440755,275005,le giang,5,Cực kì hài lòng,,0,1597459692
7440755,7612672,Truong thuy nhung,5,Cực kì hài lòng,,0,1592354600
167050074,19503062,Mẹ Na,1,Rất không hài lòng,rách rồi ko như mong muốn,0,1645523653
167050074,25586445,Đặng Thị Vân,5,Cực kì hài lòng,,0,1639043102
146846689,7537377,Nhung To,1,Rất không hài lòng,"Mua 1 màu đen va 1 màu trắng, nhưng giao 2 màu trắng, quần áo cũ dơ, ngửi mùi mốc và cũ",0,1671017285
146846689,17935098,Lê Thanh Thuỷ,5,Cực kì hài lòng,,0,1668030734
278567932,17483576,Nguyễn Diễm Chinh,4,Hài lòng,"Shipper giao hàng nhanh, mình đặt hàng hôm trước hôm sau đã nhận được hàng
Sách được bao bọc cẩn thận
Mình khá thích sách của Lam, câu từ đơn giản, nhẹ nhàng, dễ thương",0,1760331611
278567932,1793558,Nguyễn Thị Thùy Trang,1,Rất không hài lòng,"Sản phẩm tốt
Giao hàng & đóng gói: Rất chậm
Thiếu bookcare",0,1757331983
278567932,15438506,Tâm Siêu,5,Cực kì hài lòng,Rgibbgdh,0,1760133168
