id,name,price,rating,review_count,brand,seller,url,kw,group,page,brand_detail,seller_detail,categories,short_description
272003070,Đồng Hồ Treo Tường Gỗ ,550000,5.0,1,KANA,,https://tiki.vn/dong-ho-treo-tuong-go-hinh-trai-tao-p272003070.html?spid=272003071,đồng hồ treo tường,Trang trí nhà cửa,1,KANA,Đồng Hồ Phương,Đồng hồ treo tường,"Đồng hồ treo tường gỗKích thướt: (39x31cm)Chất liệu vỏ Gỗ công nghiệpMáy trôi siêu tĩnh, chạy êm, không nghe tiếngBảo hánh máy 2 nămĐồng hồ treo tường giá rẻ chất lượng cao cấp. Chúng tôi đảm bảo..."
19788258,Đồng Hồ Treo Tường gỗ KN-06,480000,4.5,6,KANA,,https://tiki.vn/dong-ho-treo-tuong-go-kn-06-p19788258.html?spid=19788259,đồng hồ treo tường,Trang trí nhà cửa,1,KANA,Đồng Hồ Phương,Đồng hồ treo tường,"Đồng hồ treo tường gỗMã sản phẩm KN-06Kích thước: đường kính 29cmHãng sản xuất KaNaChất liệu vỏ Gỗ tự nhiênMáy KaShi trôi siêu tĩnh (Nhật), chạy êm, không nghe tiếng- Thiết kế tinh tế, độc đáo đ..."
21784940,Đồng hồ treo tường DH09 - Mẫu 2,165000,5.0,3,OEM,,https://tiki.vn/dong-ho-treo-tuong-dh09-mau-2-p21784940.html?spid=276926855,đồng hồ treo tường,Trang trí nhà cửa,1,OEM,BINBIN SHOP,Nhà Cửa - Đời Sống, ĐỒNG HỒ TREO TƯỜNG DH09  Nhắc đến trang trí nhà cửa thì không thể bỏ qua được những chiếc đồng hồ treo tường tạo điểm nhấn cho không gian sốngĐợt vừa rồi chúng mình tìm được mấy ẻm vừa sang chảnh ...
278370645,Đồng hồ treo tường - M8,250000,0.0,0,PROLEA PL,,https://tiki.vn/dong-ho-treo-tuong-m8-p278370645.html?spid=278370646,đồng hồ treo tường,Trang trí nhà cửa,1,PROLEA PL,VinhPhat Store,Đồng hồ treo tường,+ Kích thước vỏ (Dài × Rộng × Cao) 30 × 30+ Chất liệu mặt kính : Nhựa+ Chất liệu khung viền : Vật liệu vỏ / gờ: Nhựa+ Nguồn năng lượng : Pin...
278370649,Đồng hồ treo tường - M9,250000,0.0,0,PROLEA PL,,https://tiki.vn/dong-ho-treo-tuong-m9-p278370649.html?spid=278370650,đồng hồ treo tường,Trang trí nhà cửa,1,PROLEA PL,VinhPhat Store,Đồng hồ treo tường,+ Kích thước vỏ (Dài × Rộng × Cao) 30 × 30+ Chất liệu mặt kính : Nhựa+ Chất liệu khung viền : Vật liệu vỏ / gờ: Nhựa+ Nguồn năng lượng : Pin...
278370639,Đồng hồ treo tường - M5,250000,0.0,0,PROLEA PL,,https://tiki.vn/dong-ho-treo-tuong-m5-p278370639.html?spid=278370640,đồng hồ treo tường,Trang trí nhà cửa,1,PROLEA PL,VinhPhat Store,Đồng hồ treo tường,+ Kích thước vỏ (Dài × Rộng × Cao) 30 × 30+ Chất liệu mặt kính : Nhựa+ Chất liệu khung viền : Vật liệu vỏ / gờ: Nhựa+ Nguồn năng lượng : Pin...
73843623,Đồng hồ treo tường kim trôi họa tiết sang trọng cao cấp - 35 cm - Biển ,165000,5.0,1,OEM,,https://tiki.vn/do-ng-ho-treo-tuo-ng-kim-troi-ho-a-tie-t-sang-tro-ng-cao-cap-35-cm-bien-p73843623.html?spid=277381648,đồng hồ treo tường,Trang trí nhà cửa,1,OEM,BINBIN SHOP,Đồng hồ treo tường,"Đồng hồ treo tường kim trôi họa tiết sang trọng cao cấpTHÔNG TIN SẢN PHẨM ĐỒNG HỒ TREO TƯỜNG Chất liệu: Khung nhựa, mặt kính. Kích thước: 30cm Đồng hồ treo tường ..."
27875122,Máy Đồng Hồ Treo Tường Kim Trôi,45000,4.0,13,OEM,,https://tiki.vn/may-dong-ho-treo-tuong-kim-troi-p27875122.html?spid=37942370,đồng hồ treo tường,Trang trí nhà cửa,1,OEM,Ant home,Đồng hồ treo tường,MÁY ĐỒNG HỒ TREO TƯỜNG KIM TRÔI (KHÔNG GÂY TIẾNG ỒN)Hàng chất lượng cao: có tem kiểm định 7 màu như trên mô tả ...
278370647,Đồng hồ treo tường - M10,250000,0.0,0,PROLEA PL,,https://tiki.vn/dong-ho-treo-tuong-m10-p278370647.html?spid=278370648,đồng hồ treo tường,Trang trí nhà cửa,1,PROLEA PL,VinhPhat Store,Đồng hồ treo tường,+ Kích thước vỏ (Dài × Rộng × Cao) 30 × 30+ Chất liệu mặt kính : Nhựa+ Chất liệu khung viền : Vật liệu vỏ / gờ: Nhựa+ Nguồn năng lượng : Pin...
278370968,Đồng hồ treo tường - M22,250000,0.0,0,PROLEA PL,,https://tiki.vn/dong-ho-treo-tuong-m22-p278370968.html?spid=278370969,đồng hồ treo tường,Trang trí nhà cửa,1,PROLEA PL,VinhPhat Store,Đồng hồ treo tường,+ Kích thước vỏ (Dài × Rộng × Cao) 30 × 30+ Chất liệu mặt kính : Nhựa+ Chất liệu khung viền : Vật liệu vỏ / gờ: Nhựa+ Nguồn năng lượng : Pin...
98022583,Đồng hồ treo tường sang trọng họa tiết độc đáo(giao mẫu ngẫu nhiên),265000,0.0,0,OEM,,https://tiki.vn/dong-ho-treo-tuong-sang-trong-hoa-tiet-doc-dao-giao-mau-ngau-nhien-p98022583.html?spid=277996762,đồng hồ treo tường,Trang trí nhà cửa,2,OEM,BINBIN SHOP,Đồng hồ treo tường,Đồng hồ treo tường sang trọng họa tiết độc đáo(giao mẫu ngẫu nhiên)ĐỒNG HỒ TREO TƯỜNG trang trí kim trôi loại siêu đẹp - kính phẳng cao cấpLoại đồng hồ kim trôi - chạy êm ái.Kích thước : Chất liệu n...
198340889,Đồng Hồ Treo Tường Cao Cấp DH24050065,1850000,0.0,0,LOOKAT,,https://tiki.vn/dong-ho-treo-tuong-cao-cap-dh24050065-p198340889.html?spid=198340890,đồng hồ treo tường,Trang trí nhà cửa,2,LOOKAT,LOOKAT,Đồng hồ treo tường,"THÔNG SỐ CHI TIẾTLoại sản phẩm: chế tác thủ công Thương hiệu: Lookat  Phiên bản: Limited Hình dạng: Tròn Kích thước: Đường kính 45cm Độ dày: 2,5cm Khối lượng: 3kg Viền đồng hồ: Hợp kim, sơn tĩ..."
278370964,Đồng hồ treo tường - M21,250000,0.0,0,PROLEA PL,,https://tiki.vn/dong-ho-treo-tuong-m21-p278370964.html?spid=278370965,đồng hồ treo tường,Trang trí nhà cửa,2,PROLEA PL,VinhPhat Store,Đồng hồ treo tường,+ Kích thước vỏ (Dài × Rộng × Cao) 30 × 30+ Chất liệu mặt kính : Nhựa+ Chất liệu khung viền : Vật liệu vỏ / gờ: Nhựa+ Nguồn năng lượng : Pin...
278370981,Đồng hồ treo tường - M23,250000,0.0,0,PROLEA PL,,https://tiki.vn/dong-ho-treo-tuong-m23-p278370981.html?spid=278370982,đồng hồ treo tường,Trang trí nhà cửa,2,PROLEA PL,VinhPhat Store,Đồng hồ treo tường,+ Kích thước vỏ (Dài × Rộng × Cao) 30 × 30+ Chất liệu mặt kính : Nhựa+ Chất liệu khung viền : Vật liệu vỏ / gờ: Nhựa+ Nguồn năng lượng : Pin...
198340911,Đồng Hồ Treo Tường Đẹp Nhất DH24050030,1850000,0.0,0,LOOKAT,,https://tiki.vn/dong-ho-treo-tuong-dep-nhat-dh24050030-p198340911.html?spid=198340912,đồng hồ treo tường,Trang trí nhà cửa,2,LOOKAT,LOOKAT,Đồng hồ treo tường,"THÔNG SỐ CHI TIẾTLoại sản phẩm: chế tác thủ công Thương hiệu: Lookat  Phiên bản: Limited Hình dạng: Tròn Kích thước: Đường kính 45cm Độ dày: 2,5cm Khối lượng: 3kg Viền đồng hồ: Hợp kim, sơn tĩ..."
198340904,Đồng Hồ Treo Tường Độc Đáo DH24050060,1850000,0.0,0,LOOKAT,,https://tiki.vn/dong-ho-treo-tuong-doc-dao-dh24050060-p198340904.html?spid=198340905,đồng hồ treo tường,Trang trí nhà cửa,2,LOOKAT,LOOKAT,Đồng hồ treo tường,"THÔNG SỐ CHI TIẾTLoại sản phẩm: chế tác thủ công Thương hiệu: Lookat  Phiên bản: Limited Hình dạng: Tròn Kích thước: Đường kính 45cm Độ dày: 2,5cm Khối lượng: 3kg Viền đồng hồ: Hợp kim, sơn tĩ..."
278370950,Đồng hồ treo tường - M18,250000,0.0,0,PROLEA PL,,https://tiki.vn/dong-ho-treo-tuong-m18-p278370950.html?spid=278370951,đồng hồ treo tường,Trang trí nhà cửa,2,PROLEA PL,VinhPhat Store,Đồng hồ treo tường,+ Kích thước vỏ (Dài × Rộng × Cao) 30 × 30+ Chất liệu mặt kính : Nhựa+ Chất liệu khung viền : Vật liệu vỏ / gờ: Nhựa+ Nguồn năng lượng : Pin...
278370987,Đồng hồ treo tường - M25,250000,0.0,0,PROLEA PL,,https://tiki.vn/dong-ho-treo-tuong-m25-p278370987.html?spid=278370988,đồng hồ treo tường,Trang trí nhà cửa,2,PROLEA PL,VinhPhat Store,Đồng hồ treo tường,+ Kích thước vỏ (Dài × Rộng × Cao) 30 × 30+ Chất liệu mặt kính : Nhựa+ Chất liệu khung viền : Vật liệu vỏ / gờ: Nhựa+ Nguồn năng lượng : Pin...
198340803,Đồng Hồ Treo Tường Đẳng Cấp 2022 DH24050059,1850000,0.0,0,LOOKAT,,https://tiki.vn/dong-ho-treo-tuong-dang-cap-2022-dh24050059-p198340803.html?spid=198340804,đồng hồ treo tường,Trang trí nhà cửa,2,LOOKAT,LOOKAT,Đồng hồ treo tường,"THÔNG SỐ CHI TIẾTLoại sản phẩm: chế tác thủ công Thương hiệu: Lookat  Phiên bản: Limited Hình dạng: Tròn Kích thước: Đường kính 45cm Độ dày: 2,5cm Khối lượng: 3kg Viền đồng hồ: Hợp kim, sơn tĩ..."
198340815,Đồng Hồ Treo Tường Sang Trọng DH24050063,1850000,0.0,0,LOOKAT,,https://tiki.vn/dong-ho-treo-tuong-sang-trong-dh24050063-p198340815.html?spid=198340817,đồng hồ treo tường,Trang trí nhà cửa,2,LOOKAT,LOOKAT,Đồng hồ treo tường,"THÔNG SỐ CHI TIẾTLoại sản phẩm: chế tác thủ công Thương hiệu: Lookat  Phiên bản: Limited Hình dạng: Tròn Kích thước: Đường kính 45cm Độ dày: 2,5cm Khối lượng: 3kg Viền đồng hồ: Hợp kim, sơn tĩ..."
278370940,Đồng hồ treo tường 30cm - M16,250000,0.0,0,PROLEA PL,,https://tiki.vn/dong-ho-treo-tuong-30cm-m16-p278370940.html?spid=278370941,đồng hồ treo tường,Trang trí nhà cửa,3,PROLEA PL,VinhPhat Store,Đồng hồ treo tường,+ Kích thước vỏ (Dài × Rộng × Cao) 30 × 30+ Chất liệu mặt kính : Nhựa+ Chất liệu khung viền : Vật liệu vỏ / gờ: Nhựa+ Nguồn năng lượng : Pin...
278370962,"Đồng hồ treo tường, đồng hồ trang trí 30cm - M20",250000,0.0,0,PROLEA PL,,https://tiki.vn/dong-ho-treo-tuong-dong-ho-trang-tri-30cm-m20-p278370962.html?spid=278370963,đồng hồ treo tường,Trang trí nhà cửa,3,PROLEA PL,VinhPhat Store,Đồng hồ treo tường,+ Kích thước vỏ (Dài × Rộng × Cao) 30 × 30+ Chất liệu mặt kính : Nhựa+ Chất liệu khung viền : Vật liệu vỏ / gờ: Nhựa+ Nguồn năng lượng : Pin...
198340805,Đồng Hồ Treo Tường Mẫu Mới Nhất DH24050056,1850000,0.0,0,LOOKAT,,https://tiki.vn/dong-ho-treo-tuong-mau-moi-nhat-dh24050056-p198340805.html?spid=198340808,đồng hồ treo tường,Trang trí nhà cửa,3,LOOKAT,LOOKAT,Đồng hồ treo tường,"THÔNG SỐ CHI TIẾTLoại sản phẩm: chế tác thủ công Thương hiệu: Lookat  Phiên bản: Limited Hình dạng: Tròn Kích thước: Đường kính 45cm Độ dày: 2,5cm Khối lượng: 3kg Viền đồng hồ: Hợp kim, sơn tĩ..."
48725251,ĐỒNG HỒ GỖ TREO TƯỜNG LA MÃ,280000,2.4,5,Phương Lâm,,https://tiki.vn/dong-ho-go-treo-tuong-la-ma-p48725251.html?spid=91146859,đồng hồ treo tường,Trang trí nhà cửa,3,Phương Lâm,SHOP DECOR QUÀ TẶNG,Nhà Cửa - Đời Sống,"Kích thước : D40cm Chất liệu :Gỗ MDF khắc laser , phủ mịn chống sước Chạy bằng pin tiểu Hàng dày chất lượng cao..."
263440633,Đồng hồ treo tường  Maytime viền mỏng bằng gỗ - 	342105,590000,0.0,0,COBI Home,,https://tiki.vn/dong-ho-treo-tuong-maytime-vien-mong-bang-go-342105-p263440633.html?spid=263440635,đồng hồ treo tường,Trang trí nhà cửa,3,COBI Home,COBI HOME,Đồng hồ treo tường,"Gỗ tự nhiên, rất đơn giản nhưng đáng yêuYên tĩnh: Siêu im lặng và không tích tắc, bạn có thể tận hưởng sự thanh thảnSố dễ đọcSản phẩm này được bảo hành 180 ngày, vì vậy vui lòng liên hệ với ..."
198340870,Đồng Hồ Treo Tường Cao Cấp Xuất Khẩu DH24050064,1480000,0.0,0,LOOKAT,,https://tiki.vn/dong-ho-treo-tuong-cao-cap-xuat-khau-dh24050064-p198340870.html?spid=198340871,đồng hồ treo tường,Trang trí nhà cửa,3,LOOKAT,LOOKAT,Root,"THÔNG SỐ CHI TIẾTLoại sản phẩm: chế tác thủ công Thương hiệu: Lookat  Phiên bản: Limited Hình dạng: Tròn Kích thước: Đường kính 45cm Độ dày: 2,5cm Khối lượng: 3kg Viền đồng hồ: Hợp kim, sơn tĩ..."
109019801,Đồng Hồ Treo Tường Mẫu Mới Phong Cách Hiện Đại DH12050054,1850000,0.0,0,LOOKAT,,https://tiki.vn/dong-ho-treo-tuong-che-tac-thu-cong-tu-go-size-45cm-dh12050054-p109019801.html?spid=109019802,đồng hồ treo tường,Trang trí nhà cửa,3,LOOKAT,LOOKAT,Root,"THÔNG SỐ CHI TIẾT Loại sản phẩm: chế tác thủ côngThương hiệu: Lookat Phiên bản: LimitedHình dạng: TrònKích thước: Đường kính 45cmĐộ dày: 2,5cmKhối lượng: 3kgViền đồng hồ: Hợp kim, sơn tĩnh đ..."
277395376,Đồng hồ Led treo tường kích thước lớn 48x25cm,950000,0.0,0, JRC,,https://tiki.vn/dong-ho-led-treo-tuong-kich-thuoc-lon-48x25cm-p277395376.html?spid=277395380,đồng hồ treo tường,Trang trí nhà cửa,3, JRC,Thanhphukien,Đồng hồ treo tường,"Đồng hồ LED màn hình lớn 48x25x2,5cm1. Đồng hồ treo tường hiển thị số rất to( Lưu ý số hiển thị là mặc định, không tùy chỉnh màu được)2. Điều chỉnh độ sáng , giao diện USB.4. Chức năng bộ nhớ..."
109020032,Đồng Hồ Treo Tường Gỗ Cao Cấp Độc Đáo Sang Trọng DH12050143,1850000,0.0,0,LOOKAT,,https://tiki.vn/dong-ho-treo-tuong-che-tac-thu-cong-tu-go-size-45cm-dh12050143-p109020032.html?spid=109020033,đồng hồ treo tường,Trang trí nhà cửa,3,LOOKAT,LOOKAT,Đồng hồ treo tường,"THÔNG SỐ CHI TIẾT Loại sản phẩm: chế tác thủ côngThương hiệu: Lookat Phiên bản: LimitedHình dạng: TrònKích thước: Đường kính 45cmĐộ dày: 2,5cmKhối lượng: 3kgViền đồng hồ: Hợp kim, sơn tĩnh đ..."
198340836,Đồng Hồ Treo Tường Độc Đáo từ Gỗ Tự Nhiên  DH24050058,1850000,0.0,0,LOOKAT,,https://tiki.vn/dong-ho-treo-tuong-doc-dao-tu-go-tu-nhien-dh24050058-p198340836.html?spid=198340837,đồng hồ treo tường,Trang trí nhà cửa,3,LOOKAT,LOOKAT,Đồng hồ treo tường,"THÔNG SỐ CHI TIẾTLoại sản phẩm: chế tác thủ công Thương hiệu: Lookat  Phiên bản: Limited Hình dạng: Tròn Kích thước: Đường kính 45cm Độ dày: 2,5cm Khối lượng: 3kg Viền đồng hồ: Hợp kim, sơn tĩ..."
277395395,Đồng hồ Led treo tường kích thước lớn 48x25cm,950000,0.0,0, JRC,,https://tiki.vn/dong-ho-led-treo-tuong-kich-thuoc-lon-48x25cm-p277395395.html?spid=277395403,đồng hồ treo tường,Trang trí nhà cửa,4, JRC,Thanhphukien,Đồng hồ treo tường,"Đồng hồ LED màn hình lớn 48x25x2,5cm1. Đồng hồ treo tường hiển thị số rất to( Lưu ý số hiển thị là mặc định, không tùy chỉnh màu được)2. Điều chỉnh độ sáng , giao diện USB.4. Chức năng bộ nhớ..."
277395361,Đồng hồ Led treo tường kích thước lớn 48x25cm,950000,0.0,0, JRC,,https://tiki.vn/dong-ho-led-treo-tuong-kich-thuoc-lon-48x25cm-p277395361.html?spid=277395369,đồng hồ treo tường,Trang trí nhà cửa,4, JRC,Thanhphukien,Đồng hồ treo tường,"Đồng hồ LED màn hình lớn 48x25x2,5cm1. Đồng hồ treo tường hiển thị số rất to( Lưu ý số hiển thị là mặc định, không tùy chỉnh màu được)2. Điều chỉnh độ sáng , giao diện USB.4. Chức năng bộ nhớ..."
198340857,Đồng Hồ Treo Tường Mẫu Mới Phong Cách Hiện Đại DH24050047,1480000,0.0,0,LOOKAT,,https://tiki.vn/dong-ho-treo-tuong-mau-moi-phong-cach-hien-dai-dh24050047-p198340857.html?spid=198340859,đồng hồ treo tường,Trang trí nhà cửa,4,LOOKAT,LOOKAT,Root,"THÔNG SỐ CHI TIẾTLoại sản phẩm: chế tác thủ công Thương hiệu: Lookat  Phiên bản: Limited Hình dạng: Tròn Kích thước: Đường kính 45cm Độ dày: 2,5cm Khối lượng: 3kg Viền đồng hồ: Hợp kim, sơn tĩ..."
198340850,Đồng Hồ Treo Tường Trang Trí Độc Đáo DH24050011,1850000,0.0,0,LOOKAT,,https://tiki.vn/dong-ho-treo-tuong-trang-tri-doc-dao-dh24050011-p198340850.html?spid=198340852,đồng hồ treo tường,Trang trí nhà cửa,4,LOOKAT,LOOKAT,Đồng hồ treo tường,"THÔNG SỐ CHI TIẾTLoại sản phẩm: chế tác thủ công Thương hiệu: Lookat  Phiên bản: Limited Hình dạng: Tròn Kích thước: Đường kính 45cm Độ dày: 2,5cm Khối lượng: 3kg Viền đồng hồ: Hợp kim, sơn tĩ..."
21784946,Đồng hồ treo tường DH09 - Mẫu 5,165000,0.0,0,OEM,,https://tiki.vn/dong-ho-treo-tuong-dh09-mau-5-p21784946.html?spid=276926862,đồng hồ treo tường,Trang trí nhà cửa,4,OEM,BINBIN SHOP,Đồng hồ treo tường, ĐỒNG HỒ TREO TƯỜNG DH09  Nhắc đến trang trí nhà cửa thì không thể bỏ qua được những chiếc đồng hồ treo tường tạo điểm nhấn cho không gian sốngĐợt vừa rồi chúng mình tìm được mấy ẻm vừa sang chảnh ...
73843625,Đồng hồ treo tường kim trôi họa tiết sang trọng cao cấp - 35 cm - Hươu lá ,165000,0.0,0,OEM,,https://tiki.vn/do-ng-ho-treo-tuo-ng-kim-troi-ho-a-tie-t-sang-tro-ng-cao-cap-35-cm-huou-la-p73843625.html?spid=277381568,đồng hồ treo tường,Trang trí nhà cửa,4,OEM,BINBIN SHOP,Đồng hồ treo tường,"Đồng hồ treo tường kim trôi họa tiết sang trọng cao cấpTHÔNG TIN SẢN PHẨM ĐỒNG HỒ TREO TƯỜNG Chất liệu: Khung nhựa, mặt kính. Kích thước: 30cm Đồng hồ treo tường ..."
73843617,Đồng hồ treo tường kim trôi họa tiết sang trọng cao cấp - 30 cm  - Biển ,145000,0.0,0,OEM,,https://tiki.vn/do-ng-ho-treo-tuo-ng-kim-troi-ho-a-tie-t-sang-tro-ng-cao-cap-30-cm-bien-p73843617.html?spid=277381647,đồng hồ treo tường,Trang trí nhà cửa,4,OEM,BINBIN SHOP,Nhà Cửa - Đời Sống,"Đồng hồ treo tường kim trôi họa tiết sang trọng cao cấpTHÔNG TIN SẢN PHẨM ĐỒNG HỒ TREO TƯỜNG Chất liệu: Khung nhựa, mặt kính. Kích thước: 30cm Đồng hồ treo tường ..."
73843619,Đồng hồ treo tường kim trôi họa tiết sang trọng cao cấp - 30 cm  - Hươu lá ,145000,0.0,0,OEM,,https://tiki.vn/do-ng-ho-treo-tuo-ng-kim-troi-ho-a-tie-t-sang-tro-ng-cao-cap-30-cm-huou-la-p73843619.html?spid=277381567,đồng hồ treo tường,Trang trí nhà cửa,4,OEM,BINBIN SHOP,Đồng hồ treo tường,"Đồng hồ treo tường kim trôi họa tiết sang trọng cao cấpTHÔNG TIN SẢN PHẨM ĐỒNG HỒ TREO TƯỜNG Chất liệu: Khung nhựa, mặt kính. Kích thước: 30cm Đồng hồ treo tường ..."
128805347,Đồng hồ treo tường trang trí PHỦ BÓNG đường kính 35cm( MS 25),210000,0.0,0,OEM,,https://tiki.vn/dong-ho-treo-tuong-trang-tri-phu-bong-duong-kinh-35cm-ms-25-p128805347.html?spid=276926975,đồng hồ treo tường,Trang trí nhà cửa,4,OEM,BINBIN SHOP,Đồng hồ treo tường,"SƠN DƯƠNG CLOCK!� Đồng hồ treo tường kim trôi� Đồng hồ treo tường kim trôi mạ vàng không chỉ là công cụ theo dõi giờ giấc mà còn là vật dụng trang trí nhà cửa. Mang lại sự thanh lịch, cao cấp, dáng ..."
114737486,Đồng hồ dán tường,320000,0.0,0,OEM,,https://tiki.vn/dong-ho-dan-tuong-p114737486.html?spid=277515224,đồng hồ treo tường,Trang trí nhà cửa,4,OEM,Đồ Chơi A Sam,Đồng hồ treo tường,"Phong cách hiện đại, sáng tạo. Kích thước tùy chỉnh đường kính từ 40cm đến 80cm.Chiều dài kim phút dài 18cm. Chiều dài kim giờ dài 14cm.Máy đồng chất lượng, bảo hành 12 tháng. Sử dụng pin AA.Chữ số..."
275432934,Máy đồng hồ treo tường kim trôi loại Tốt,49000,3.8,5,Rainy,,https://tiki.vn/may-dong-ho-treo-tuong-kim-troi-loai-tot-p275432934.html?spid=275432935,đồng hồ treo tường,Trang trí nhà cửa,5,Rainy,gia dụng mai trang,Đồng hồ treo tường,- Sản phẩm gồm 1 máy đồng hồ kim trôi (chưa bao gồm kim)- Dùng làm link kiện thay thế cho máy đồng hồ bị hư- Kim trôi không gây ra tiếng ồn- Chất liệu nhựa cao cấp- Bảo hành: 1 tháng ...
31928313,Đồng Hồ Treo Tường Cao Cấp EASTAR Viền NÂU Vân GỖ – Máy KIM TRÔI – Số Nổi 3D – Tặng Pin Maxell – BH 1 Năm,339000,4.5,2,Eastar,,https://tiki.vn/dong-ho-cao-cap-mat-vien-nau-van-go-may-kim-troi-kem-theo-pin-maxell-p31928313.html?spid=31928314,đồng hồ treo tường,Trang trí nhà cửa,5,Eastar,Thế Giới Đồng Hồ Treo Tường,Đồng hồ treo tường,"1. ĐẶC ĐIỂM NỔI BẬT:- Đồng Hồ Treo Tường CAO CẤP EASTAR KIM TRÔI NHẬT Mặt Chữ Nhật bo tròn góc, kích thước 36 x 32 cm, dày 4,5 cm.- Kiểu dáng hiện đại, vành nhựa ABS cao cấp màu nâu vân gỗ hài hòa..."
5431189,Đồng Hồ Treo Tường Rhythm CMG817NR03,968000,4.7,23,Rhythm,,https://tiki.vn/dong-ho-treo-tuong-rhythm-cmg817nr03-p5431189.html?spid=5431191,đồng hồ treo tường,Trang trí nhà cửa,5,Rhythm,Rhythm Flagship Store,Đồng hồ treo tường,"Đồng hồ treo tường Nhật Bản Rhythm CMG817NR03, dùng pin (AA x 1), vỏ nhựa cao cấp màu trắng. Kích thước 32.0 x 4.8cm, trọng lượng 760g. Bộ máy kim trôi chạy cực êm, chính xác, bền bỉĐồng hồ được thiế..."
100259043,Đồng hồ treo tường phong cách sang trọng lịch thiệp,233500,5.0,1,OEM,,https://tiki.vn/dong-ho-treo-tuong-phong-cach-sang-trong-lich-thiep-p100259043.html?spid=276958641,đồng hồ treo tường,Trang trí nhà cửa,5,OEM,BINBIN SHOP,Đồng hồ treo tường,"Đồng hồ được thiết kế theo phong cách châu âu(bắc âu).Với mặt kính sang trọền được làm bằng kim loại được mài góc tinh tế.Động cơ chạy pin AA , kim trôi không ồn ào.Thiết kế như 1 bức tranh ph..."
58546909,Đồng hồ treo tường kim trôi loại 30cm - Kính phẳng - Đồng hồ treo tường trang trí HÌNH THIÊN VĂN HỌC,185000,4.2,6,OEM,,https://tiki.vn/dong-ho-treo-tuong-kim-troi-loai-30cm-kinh-phang-dong-ho-treo-tuong-trang-tri-hinh-thien-van-hoc-p58546909.html?spid=276919614,đồng hồ treo tường,Trang trí nhà cửa,5,OEM,BINBIN SHOP,Đồng hồ treo tường,"ĐỒNG HỒ TREO TƯỜNG trang trí kim trôi loại 30cm - kính phẳngKích thước : đường kính 30cm Chất liệu nhựa cao cấp, kính phẳngKiểu dáng sang trọng hiện đại, phù hợp mọi không gian, chất liệu cao cấp.M..."
278359919,Đồng hồ điện tử treo tường có đèn LED ,789000,5.0,1,OEM,,https://tiki.vn/dong-ho-dien-tu-treo-tuong-co-den-led-p278359919.html?spid=278359920,đồng hồ treo tường,Trang trí nhà cửa,5,OEM,shop thao long,Đồng hồ treo tường,Đồng hồ điện tử treo tường báo ngày tháng báo giờ báo nhiệt độ Kích thước dài 36Cao 17Có cáp sạc ...
274608348,Đồng hồ treo tường MANFRED | Index Living Mall,479000,0.0,0,Index Living Mall,,https://tiki.vn/dong-ho-treo-tuong-manfred-index-living-mall-p274608348.html?spid=274608349,đồng hồ treo tường,Trang trí nhà cửa,5,Index Living Mall,Index Living Mall,Đồng hồ treo tường,Đồng hồ treo tường MANFRED | Index Living Mall    Thông tin chi tiết   Các đặc tính nổi bật  Bảo quản- Tránh dùng các vật sắc nhọn lên bề mặt sản phẩm.- Tránh để sản phẩm trực tiếp dưới á...
101870854,ĐỒNG HỒ TREO TƯỜNG BẰNG GỖ ĐIÊU KHẮC ĐỒNG HỒ NGHỆ THUẬT HÀNG LOẠI TỐT,350000,0.0,0,Phương Lâm,,https://tiki.vn/dong-ho-treo-tuong-bang-go-dieu-khac-dong-ho-nghe-thuat-hang-loai-tot-p101870854.html?spid=109628829,đồng hồ treo tường,Trang trí nhà cửa,5,Phương Lâm,SHOP DECOR QUÀ TẶNG,Đồng hồ treo tường,"Kich thước : D40cmChất liệu : GỖ MDF phủ mịn , chống sướxHàng tiêu chuần đẹp ,to , rõ nétChạy bằng pin tiểu , treo tường..."
198340865,Đồng Hồ Treo Tường Trang Trí Phòng Khách Sang Trọng DH24050013,1850000,0.0,0,LOOKAT,,https://tiki.vn/dong-ho-treo-tuong-trang-tri-phong-khach-sang-trong-dh24050013-p198340865.html?spid=198340866,đồng hồ treo tường,Trang trí nhà cửa,5,LOOKAT,LOOKAT,Đồng hồ treo tường,"THÔNG SỐ CHI TIẾTLoại sản phẩm: chế tác thủ công Thương hiệu: Lookat  Phiên bản: Limited Hình dạng: Tròn Kích thước: Đường kính 45cm Độ dày: 2,5cm Khối lượng: 3kg Viền đồng hồ: Hợp kim, sơn tĩ..."
198340809,Đồng Hồ Treo Tường Đẹp Phong Cách Natural DH24050046,1480000,0.0,0,LOOKAT,,https://tiki.vn/dong-ho-treo-tuong-dep-phong-cach-natural-dh24050046-p198340809.html?spid=198340810,đồng hồ treo tường,Trang trí nhà cửa,5,LOOKAT,LOOKAT,Đồng hồ treo tường,"THÔNG SỐ CHI TIẾTLoại sản phẩm: chế tác thủ công Thương hiệu: Lookat  Phiên bản: Limited Hình dạng: Tròn Kích thước: Đường kính 45cm Độ dày: 2,5cm Khối lượng: 3kg Viền đồng hồ: Hợp kim, sơn tĩ..."
67482255,Đồng Hồ Treo Tường Kim Trôi Trang Trí Hình Lá DL118 Nghệ Thuật Cao Cấp Shouse hiện đại 3D kích cỡ lớn đẹp treo phòng khách,859000,0.0,0,Shouse,,https://tiki.vn/dong-ho-treo-tuong-kim-troi-trang-tri-hinh-la-dl118-nghe-thuat-cao-cap-shouse-hien-dai-3d-kich-co-lon-dep-treo-phong-khach-p67482255.html?spid=249645269,đồng hồ treo tường,Trang trí nhà cửa,6,Shouse,Shouse Official,Đồng hồ treo tường,Đồng Hồ Treo Tường Kim Trôi DL118 Nghệ Thuật Cao Cấp Shouse hiện đại 3D kích cỡ lớn đẹp treo phòng khách  Các mẫu đồng treo tường được thiết kế sáng tạo đang là xu hướng nội thất tạo điểm nh...
48717784,ĐỒNG HỒ GỖ TREO TƯỜNG LOGO BÓNG ĐÁ,255000,0.0,0,Phương Lâm,,https://tiki.vn/dong-ho-go-treo-tuong-logo-bong-da-p48717784.html?spid=73286919,đồng hồ treo tường,Trang trí nhà cửa,6,Phương Lâm,nội thất trang trí 3D,Đồng hồ treo tường,"Kích thước : D40cm Chất liệu :Gỗ MDF khắc laser , phủ mịn chống sước Chạy bằng pin tiểu Hàng dày chất lượng cao ..."
125741269,Đồng Hồ Treo Tường Trang Trí Phòng Khách Đẳng Cấp DH24050015,1850000,0.0,0,LOOKAT,,https://tiki.vn/dong-ho-treo-tuong-che-tac-thu-cong-tu-go-size-45cm-dh24050015-p125741269.html?spid=125741270,đồng hồ treo tường,Trang trí nhà cửa,6,LOOKAT,LOOKAT,Đồng hồ treo tường,"THÔNG SỐ CHI TIẾT Loại sản phẩm: chế tác thủ côngThương hiệu: Lookat Phiên bản: LimitedHình dạng: TrònKích thước: Đường kính 45cmĐộ dày: 2,5cmKhối lượng: 3kgViền đồng hồ: Hợp kim, sơn tĩnh đ..."
109019946,Đồng Hồ Treo Tường Trang Trí Phòng Khách Sang Trọng DH12050035,1850000,0.0,0,LOOKAT,,https://tiki.vn/dong-ho-treo-tuong-che-tac-thu-cong-tu-go-size-45cm-dh12050035-p109019946.html?spid=109019948,đồng hồ treo tường,Trang trí nhà cửa,6,LOOKAT,LOOKAT,Đồng hồ treo tường,"THÔNG SỐ CHI TIẾT Loại sản phẩm: chế tác thủ côngThương hiệu: Lookat Phiên bản: LimitedHình dạng: TrònKích thước: Đường kính 45cmĐộ dày: 2,5cmKhối lượng: 3kgViền đồng hồ: Hợp kim, sơn tĩnh đ..."
275011972,Đồng Hồ Treo Tường QUẢ LẮC - MÁY KIM TRÔI EASTAR Cao Cấp - Décor Trang Trí Nhà – Tặng 2 Pin Maxell – Bảo Hành 2 Năm,759000,0.0,0,Eastar,,https://tiki.vn/dong-ho-treo-tuong-qua-lac-may-kim-troi-eastar-cao-cap-decor-trang-tri-nha-tang-2-pin-maxell-bao-hanh-2-nam-p275011972.html?spid=16654912,đồng hồ treo tường,Trang trí nhà cửa,6,Eastar,Thế Giới Đồng Hồ Treo Tường,Nhà Cửa - Đời Sống,"1. ĐẶC ĐIỂM NỔI BẬT:- Đồng hồ Treo tường Cao Cấp KIM TRÔI EASTAR Có QUẢ LẮC Hình Quả Chuông, Phong Cách Bắc Âu. Đường kính 45 cm, dày 6 cm;- Chất liệu nhựa cao cấp kết hợp kim loại, mặt đồng hồ h..."
274608289,Đồng hồ treo tường MYSTERIO | Index Living Mall,289000,0.0,0,Index Living Mall,,https://tiki.vn/dong-ho-treo-tuong-mysterio-index-living-mall-p274608289.html?spid=274608290,đồng hồ treo tường,Trang trí nhà cửa,6,Index Living Mall,Index Living Mall,Đồng hồ treo tường,Đồng hồ treo tường MYSTERIO | Index Living Mall    Thông tin chi tiết   Các đặc tính nổi bật  Bảo quản- Tránh dùng các vật sắc nhọn lên bề mặt sản phẩm.- Tránh để sản phẩm trực tiếp dưới ...
109019857,Đồng Hồ Treo Tường Trang Trí Phòng Khách Sang Trọng DH12050014,1480000,0.0,0,LOOKAT,,https://tiki.vn/dong-ho-treo-tuong-che-tac-thu-cong-tu-go-size-45cm-dh12050014-p109019857.html?spid=109019858,đồng hồ treo tường,Trang trí nhà cửa,6,LOOKAT,LOOKAT,Đồng hồ treo tường,"THÔNG SỐ CHI TIẾT Loại sản phẩm: chế tác thủ côngThương hiệu: Lookat Phiên bản: LimitedHình dạng: TrònKích thước: Đường kính 45cmĐộ dày: 2,5cmKhối lượng: 3kgViền đồng hồ: Hợp kim, sơn tĩnh đ..."
198340848,Đồng Hồ Treo Tường Trang Trí Phòng Khách Đẹp - Độc Đáo DH24050012,1850000,0.0,0,LOOKAT,,https://tiki.vn/dong-ho-treo-tuong-trang-tri-phong-khach-dep-doc-dao-dh24050012-p198340848.html?spid=198340851,đồng hồ treo tường,Trang trí nhà cửa,6,LOOKAT,LOOKAT,Đồng hồ treo tường,"THÔNG SỐ CHI TIẾTLoại sản phẩm: chế tác thủ công Thương hiệu: Lookat  Phiên bản: Limited Hình dạng: Tròn Kích thước: Đường kính 45cm Độ dày: 2,5cm Khối lượng: 3kg Viền đồng hồ: Hợp kim, sơn tĩ..."
274608100,Đồng Hồ Treo Tường Kim Trôi Chống Ồn DIETER Đường Kính 41cm | Index Living Mall,479000,3.0,1,Index Living Mall,,https://tiki.vn/dong-ho-treo-tuong-dieter-index-living-mall-p274608100.html?spid=274608101,đồng hồ treo tường,Trang trí nhà cửa,6,Index Living Mall,Index Living Mall,Đồng hồ treo tường,Đồng hồ treo tường DIETER | Index Living Mall    Thông tin chi tiết   Các đặc tính nổi bật  Bảo quản- Tránh dùng các vật sắc nhọn lên bề mặt sản phẩm.- Tránh để sản phẩm trực tiếp dưới án...
99708641, Đồng hồ gỗ treo tường Hoa Sắc Màu độc đáo  - Tặng kèm đinh đa năng không cần khoan tường,230000,0.0,0,OEM,,https://tiki.vn/dong-ho-go-treo-tuong-hoa-sac-mau-doc-dao-tang-kem-dinh-da-nang-khong-can-khoan-tuong-p99708641.html?spid=278149804,đồng hồ treo tường,Trang trí nhà cửa,6,OEM,BINBIN SHOP,Root,"       - Động cơ bền bỉ, gọn nhẹ ngay cả trẻ em cũng có thể trang trí được.   - Mặt đồng hồ được trang trí với màu sắc tươi sáng với những hình ảnh bắt mắt giúp không gian xung quanh không bị nhà..."
198340863,Đồng Hồ Treo Tường Décor Nhà Mẫu Mới Nhất DH24050008,1850000,0.0,0,LOOKAT,,https://tiki.vn/dong-ho-treo-tuong-decor-nha-mau-moi-nhat-dh24050008-p198340863.html?spid=198340864,đồng hồ treo tường,Trang trí nhà cửa,7,LOOKAT,LOOKAT,Đồng hồ treo tường,"THÔNG SỐ CHI TIẾTLoại sản phẩm: chế tác thủ công Thương hiệu: Lookat  Phiên bản: Limited Hình dạng: Tròn Kích thước: Đường kính 45cm Độ dày: 2,5cm Khối lượng: 3kg Viền đồng hồ: Hợp kim, sơn tĩ..."
198340853,Đồng Hồ Treo Tường Hiện Đại Từ Gỗ Mộc DH24050053,1850000,0.0,0,LOOKAT,,https://tiki.vn/dong-ho-treo-tuong-hien-dai-tu-go-moc-dh24050053-p198340853.html?spid=198340854,đồng hồ treo tường,Trang trí nhà cửa,7,LOOKAT,LOOKAT,Đồng hồ treo tường,"THÔNG SỐ CHI TIẾTLoại sản phẩm: chế tác thủ công Thương hiệu: Lookat  Phiên bản: Limited Hình dạng: Tròn Kích thước: Đường kính 45cm Độ dày: 2,5cm Khối lượng: 3kg Viền đồng hồ: Hợp kim, sơn tĩ..."
198340933,Đồng Hồ Treo Tường Décor Nhà Đẹp Nhất Xuất Khẩu DH12050163,1850000,0.0,0,LOOKAT,,https://tiki.vn/dong-ho-treo-tuong-decor-nha-dep-nhat-xuat-khau-dh12050163-p198340933.html?spid=198340934,đồng hồ treo tường,Trang trí nhà cửa,7,LOOKAT,LOOKAT,Đồng hồ treo tường,"THÔNG SỐ CHI TIẾTLoại sản phẩm: chế tác thủ công Thương hiệu: Lookat  Phiên bản: Limited Hình dạng: Tròn Kích thước: Đường kính 45cm Độ dày: 2,5cm Khối lượng: 3kg Viền đồng hồ: Hợp kim, sơn tĩ..."
198340923,Đồng Hồ Treo Tường Phong Cách Vintage DH24050052,1850000,0.0,0,LOOKAT,,https://tiki.vn/dong-ho-treo-tuong-phong-cach-vintage-dh24050052-p198340923.html?spid=198340924,đồng hồ treo tường,Trang trí nhà cửa,7,LOOKAT,LOOKAT,Đồng hồ treo tường,"THÔNG SỐ CHI TIẾTLoại sản phẩm: chế tác thủ công Thương hiệu: Lookat  Phiên bản: Limited Hình dạng: Tròn Kích thước: Đường kính 45cm Độ dày: 2,5cm Khối lượng: 3kg Viền đồng hồ: Hợp kim, sơn tĩ..."
109019869,Đồng Hồ Treo Tường Trang Trí Phòng Khách Đẹp - Độc Đáo DH12050017,1850000,0.0,0,LOOKAT,,https://tiki.vn/dong-ho-treo-tuong-che-tac-thu-cong-tu-go-size-45cm-dh12050017-p109019869.html?spid=109019870,đồng hồ treo tường,Trang trí nhà cửa,7,LOOKAT,LOOKAT,Đồng hồ treo tường,"THÔNG SỐ CHI TIẾT Loại sản phẩm: chế tác thủ côngThương hiệu: Lookat Phiên bản: LimitedHình dạng: TrònKích thước: Đường kính 45cmĐộ dày: 2,5cmKhối lượng: 3kgViền đồng hồ: Hợp kim, sơn tĩnh đ..."
109019850,Đồng Hồ Treo Tường Trang Trí Phòng Khách Đẳng Cấp DH12050013,1480000,0.0,0,LOOKAT,,https://tiki.vn/dong-ho-treo-tuong-che-tac-thu-cong-tu-go-size-45cm-dh12050013-p109019850.html?spid=109019852,đồng hồ treo tường,Trang trí nhà cửa,7,LOOKAT,LOOKAT,Đồng hồ treo tường,"THÔNG SỐ CHI TIẾT Loại sản phẩm: chế tác thủ côngThương hiệu: Lookat Phiên bản: LimitedHình dạng: TrònKích thước: Đường kính 45cmĐộ dày: 2,5cmKhối lượng: 3kgViền đồng hồ: Hợp kim, sơn tĩnh đ..."
198340878,Đồng Hồ Treo Tường Trang Trí Phòng Khách Đẹp - Độc Đáo DH12050051,1850000,0.0,0,LOOKAT,,https://tiki.vn/dong-ho-treo-tuong-trang-tri-phong-khach-dep-doc-dao-dh12050051-p198340878.html?spid=198340879,đồng hồ treo tường,Trang trí nhà cửa,7,LOOKAT,LOOKAT,Đồng hồ treo tường,"THÔNG SỐ CHI TIẾTLoại sản phẩm: chế tác thủ công Thương hiệu: Lookat  Phiên bản: Limited Hình dạng: Tròn Kích thước: Đường kính 45cm Độ dày: 2,5cm Khối lượng: 3kg Viền đồng hồ: Hợp kim, sơn tĩ..."
109019951,Đồng Hồ Treo Tường Trang Trí Phòng Khách Đẳng Cấp DH12050039,1480000,0.0,0,LOOKAT,,https://tiki.vn/dong-ho-treo-tuong-che-tac-thu-cong-tu-go-size-45cm-dh12050039-p109019951.html?spid=109019953,đồng hồ treo tường,Trang trí nhà cửa,7,LOOKAT,LOOKAT,Đồng hồ treo tường,"THÔNG SỐ CHI TIẾT Loại sản phẩm: chế tác thủ côngThương hiệu: Lookat Phiên bản: LimitedHình dạng: TrònKích thước: Đường kính 45cmĐộ dày: 2,5cmKhối lượng: 3kgViền đồng hồ: Hợp kim, sơn tĩnh đ..."
198340931,Đồng Hồ Treo Tường Phong cách Châu Âu Sang Trọng DH24050026,1480000,0.0,0,LOOKAT,,https://tiki.vn/dong-ho-treo-tuong-phong-cach-chau-au-sang-trong-dh24050026-p198340931.html?spid=198340932,đồng hồ treo tường,Trang trí nhà cửa,7,LOOKAT,LOOKAT,Đồng hồ treo tường,"THÔNG SỐ CHI TIẾTLoại sản phẩm: chế tác thủ công Thương hiệu: Lookat  Phiên bản: Limited Hình dạng: Tròn Kích thước: Đường kính 45cm Độ dày: 2,5cm Khối lượng: 3kg Viền đồng hồ: Hợp kim, sơn tĩ..."
198340814,Đồng Hồ Treo Tường Chế Tác Kim Trôi Tinh Tế DH24050062,1480000,0.0,0,LOOKAT,,https://tiki.vn/dong-ho-treo-tuong-che-tac-kim-troi-tinh-te-dh24050062-p198340814.html?spid=198340816,đồng hồ treo tường,Trang trí nhà cửa,7,LOOKAT,LOOKAT,Đồng hồ treo tường,"THÔNG SỐ CHI TIẾTLoại sản phẩm: chế tác thủ công Thương hiệu: Lookat  Phiên bản: Limited Hình dạng: Tròn Kích thước: Đường kính 45cm Độ dày: 2,5cm Khối lượng: 3kg Viền đồng hồ: Hợp kim, sơn tĩ..."
198340876,Đồng Hồ Treo Tường Chế Tác Phong cách Châu Âu Sang Trọng DH24050009,1850000,0.0,0,LOOKAT,,https://tiki.vn/dong-ho-treo-tuong-che-tac-phong-cach-chau-au-sang-trong-dh24050009-p198340876.html?spid=198340877,đồng hồ treo tường,Trang trí nhà cửa,8,LOOKAT,LOOKAT,Đồng hồ treo tường,"THÔNG SỐ CHI TIẾTLoại sản phẩm: chế tác thủ công Thương hiệu: Lookat  Phiên bản: Limited Hình dạng: Tròn Kích thước: Đường kính 45cm Độ dày: 2,5cm Khối lượng: 3kg Viền đồng hồ: Hợp kim, sơn tĩ..."
109019825,Đồng Hồ Treo Tường Chế Tác Kim Trôi Phong Cách Tối Giản - Sang Trọng Gỗ Mộc 100% Tự Nhiên DH12050008,1850000,0.0,0,LOOKAT,,https://tiki.vn/dong-ho-treo-tuong-che-tac-thu-cong-tu-go-size-45cm-dh12050008-p109019825.html?spid=109019826,đồng hồ treo tường,Trang trí nhà cửa,8,LOOKAT,LOOKAT,Đồng hồ treo tường,"THÔNG SỐ CHI TIẾT Loại sản phẩm: chế tác thủ côngThương hiệu: Lookat Phiên bản: LimitedHình dạng: TrònKích thước: Đường kính 45cmĐộ dày: 2,5cmKhối lượng: 3kgViền đồng hồ: Hợp kim, sơn tĩnh đ..."
109020017,Mẫu Đồng Hồ Treo Tường Chế Tác bằng Gỗ Tự Nhiên Sang Trọng Phong cách Vintage DH12050100,1480000,0.0,0,LOOKAT,,https://tiki.vn/dong-ho-treo-tuong-che-tac-thu-cong-tu-go-size-45cm-dh12050100-p109020017.html?spid=109020018,đồng hồ treo tường,Trang trí nhà cửa,8,LOOKAT,LOOKAT,Đồng hồ treo tường,"THÔNG SỐ CHI TIẾT Loại sản phẩm: chế tác thủ côngThương hiệu: Lookat Phiên bản: LimitedHình dạng: TrònKích thước: Đường kính 45cmĐộ dày: 2,5cmKhối lượng: 3kgViền đồng hồ: Hợp kim, sơn tĩnh đ..."
198340940,Đồng Hồ Treo Tường Décor Nhà Phong cách Vintage Sang Trọng DH12050162,1850000,0.0,0,LOOKAT,,https://tiki.vn/dong-ho-treo-tuong-decor-nha-phong-cach-vintage-sang-trong-dh12050162-p198340940.html?spid=198340941,đồng hồ treo tường,Trang trí nhà cửa,8,LOOKAT,LOOKAT,Đồng hồ treo tường,"THÔNG SỐ CHI TIẾTLoại sản phẩm: chế tác thủ công Thương hiệu: Lookat  Phiên bản: Limited Hình dạng: Tròn Kích thước: Đường kính 45cm Độ dày: 2,5cm Khối lượng: 3kg Viền đồng hồ: Hợp kim, sơn tĩ..."
109019933,Đồng Hồ Treo Tường Trang Trí Phòng Khách Đẳng Cấp Gỗ Mộc Tự Nhiên DH12050048,1480000,0.0,0,LOOKAT,,https://tiki.vn/dong-ho-treo-tuong-che-tac-thu-cong-tu-go-size-45cm-dh12050048-p109019933.html?spid=109019934,đồng hồ treo tường,Trang trí nhà cửa,8,LOOKAT,LOOKAT,Đồng hồ treo tường,"THÔNG SỐ CHI TIẾT Loại sản phẩm: chế tác thủ côngThương hiệu: Lookat Phiên bản: LimitedHình dạng: TrònKích thước: Đường kính 45cmĐộ dày: 2,5cmKhối lượng: 3kgViền đồng hồ: Hợp kim, sơn tĩnh đ..."
109020120,Đồng Hồ Treo Tường Chế Tác Kim Trôi Phong Cách Tối Giản - Sang Trọng Gỗ Mộc 100% Tự Nhiên DH12050151,1480000,0.0,0,LOOKAT,,https://tiki.vn/dong-ho-treo-tuong-che-tac-thu-cong-tu-go-size-45cm-dh12050151-p109020120.html?spid=109020121,đồng hồ treo tường,Trang trí nhà cửa,8,LOOKAT,LOOKAT,Đồng hồ treo tường,"THÔNG SỐ CHI TIẾT Loại sản phẩm: chế tác thủ côngThương hiệu: Lookat Phiên bản: LimitedHình dạng: TrònKích thước: Đường kính 45cmĐộ dày: 2,5cmKhối lượng: 3kgViền đồng hồ: Hợp kim, sơn tĩnh đ..."
109019988,Mẫu Đồng Hồ Treo Tường Chế Tác Đơn Giản và Đẹp  Phong cách Hiện Đại DH12050060,1480000,0.0,0,LOOKAT,,https://tiki.vn/dong-ho-treo-tuong-che-tac-thu-cong-tu-go-size-45cm-dh12050060-p109019988.html?spid=109019989,đồng hồ treo tường,Trang trí nhà cửa,8,LOOKAT,LOOKAT,Đồng hồ treo tường,"THÔNG SỐ CHI TIẾT Loại sản phẩm: chế tác thủ côngThương hiệu: Lookat Phiên bản: LimitedHình dạng: TrònKích thước: Đường kính 45cmĐộ dày: 2,5cmKhối lượng: 3kgViền đồng hồ: Hợp kim, sơn tĩnh đ..."
125742181,Đồng Hồ Treo Tường Cổ Điển Đẹp Nhất DH24050033,1480000,0.0,0,LOOKAT,,https://tiki.vn/dong-ho-treo-tuong-che-tac-thu-cong-tu-go-size-45cm-dh24050033-p125742181.html?spid=125742182,đồng hồ treo tường,Trang trí nhà cửa,8,LOOKAT,LOOKAT,Đồng hồ treo tường,"THÔNG SỐ CHI TIẾT Loại sản phẩm: chế tác thủ côngThương hiệu: Lookat Phiên bản: LimitedHình dạng: TrònKích thước: Đường kính 45cmĐộ dày: 2,5cmKhối lượng: 3kgViền đồng hồ: Hợp kim, sơn tĩnh đ..."
198340935,Đồng Hồ Treo Tường Décor Nhà Phong cách Hiện Đại - Sang Trọng DH12050161,1850000,0.0,0,LOOKAT,,https://tiki.vn/dong-ho-treo-tuong-decor-nha-phong-cach-hien-dai-sang-trong-dh12050161-p198340935.html?spid=198340937,đồng hồ treo tường,Trang trí nhà cửa,8,LOOKAT,LOOKAT,Đồng hồ treo tường,"THÔNG SỐ CHI TIẾTLoại sản phẩm: chế tác thủ công Thương hiệu: Lookat  Phiên bản: Limited Hình dạng: Tròn Kích thước: Đường kính 45cm Độ dày: 2,5cm Khối lượng: 3kg Viền đồng hồ: Hợp kim, sơn tĩ..."
125741271,Đồng Hồ Treo Tường Phong cách Châu Âu Mới Nhất DH24050020,1480000,0.0,0,LOOKAT,,https://tiki.vn/dong-ho-treo-tuong-che-tac-thu-cong-tu-go-size-45cm-dh24050020-p125741271.html?spid=125741272,đồng hồ treo tường,Trang trí nhà cửa,8,LOOKAT,LOOKAT,Đồng hồ treo tường,"THÔNG SỐ CHI TIẾT Loại sản phẩm: chế tác thủ côngThương hiệu: Lookat Phiên bản: LimitedHình dạng: TrònKích thước: Đường kính 45cmĐộ dày: 2,5cmKhối lượng: 3kgViền đồng hồ: Hợp kim, sơn tĩnh đ..."
67482223,Đồng Hồ Treo Tường Trang Trí Nghệ Thuật Cao Cấp Shouse DC111 hiện đại 3D kích cỡ lớn đẹp kim trôi treo phòng khách,759000,0.0,0,Shouse,,https://tiki.vn/dong-ho-treo-tuong-trang-tri-nghe-thuat-cao-cap-shouse-dc111-hien-dai-3d-kich-co-lon-dep-kim-troi-treo-phong-khach-p67482223.html?spid=249640489,đồng hồ treo tường,Trang trí nhà cửa,9,Shouse,Shouse Official,Đồng hồ treo tường,"Đồng Hồ Treo Tường Trang Trí Nghệ Thuật Cao Cấp Shouse DC111, loại 3D kích cỡ lớn kim trôi, Chất liệu kim loại Các mẫu đồng treo tường được thiết kế sáng tạo đang là xu hướng nội thất tạo đi..."
216178722,Đồng hồ treo tường A209 Shouse trang trí nghệ thuật kim trôi không gây tiếng động hiện đại sang trọng phòng khách,739000,5.0,3,Shouse,,https://tiki.vn/dong-ho-treo-tuong-a209-shouse-trang-tri-nghe-thuat-kim-troi-khong-gay-tieng-dong-hien-dai-sang-trong-phong-khach-p216178722.html?spid=249645105,đồng hồ treo tường,Trang trí nhà cửa,9,Shouse,Shouse Official,Nhà Cửa - Đời Sống,"Thông số kỹ thuật:- Công ty: SHOUSE VIỆT NAM- Thương hiệu: SHOUSE (Thương hiệu đẳng cấp, đạt tiêu chuẩn Châu Âu)- Bao bì: Đóng gói chống va đập 100%, có logo SHOUSE phiên bản cao cấp.- Kích thước tổng..."
128810033,Đồng hồ treo tường TRANG TRÍ phủ bóng pha lê đường kính 35cm( MS 26),179000,5.0,1,OEM,,https://tiki.vn/dong-ho-treo-tuong-trang-tri-phu-bong-pha-le-duong-kinh-35cm-ms-26-p128810033.html?spid=276919807,đồng hồ treo tường,Trang trí nhà cửa,9,OEM,BINBIN SHOP,Đồng hồ treo tường,"[Hình ảnh] SƠN DƯƠNG CLOCK!� Đồng hồ treo tường kim trôi� Đồng hồ treo tường kim trôi mạ vàng không chỉ là công cụ theo dõi giờ giấc mà còn là vật dụng trang trí nhà cửa. Mang lại sự thanh lịch, cao c..."
275695842,ĐỒNG HỒ TREO TƯỜNG MEBUS 25CM NỘI ĐỊA ĐỨC hàng chính hãng,680000,0.0,0,MEBUS,,https://tiki.vn/dong-ho-treo-tuong-mebus-noi-dia-duc-hang-chinh-hang-p275695842.html?spid=275695843,đồng hồ treo tường,Trang trí nhà cửa,9,MEBUS,Telovietnam,Đồng hồ treo tường,"Đồng hồ treo tường nội địa Đức cực kỳ đơn giản mà sang quá các chị ạ, yêu em từ ngay cái nhìn đầu tiên!- 1 chiếc đồng hồ đơn giản mà đầy đủ các chức năng: xem giờ, báo nhiệt độ, độ ẩ mà gia đình nào c..."
67482244,Đồng Hồ Treo Tường Shouse DC666 Trang Trí Nghệ Thuật Cao Cấp hiện đại 3D kích cỡ lớn đẹp kim trôi treo phòng khách,759000,5.0,1,Shouse,,https://tiki.vn/dong-ho-treo-tuong-shouse-dc666-trang-tri-nghe-thuat-cao-cap-hien-dai-3d-kich-co-lon-dep-kim-troi-treo-phong-khach-p67482244.html?spid=252763233,đồng hồ treo tường,Trang trí nhà cửa,9,Shouse,Shouse Official,Đồng hồ treo tường,"Đồng Hồ Treo Tường Trang Trí Nghệ Thuật Cao Cấp Shouse DC666 hiện đại 3D kích cỡ lớn đẹp kim trôi, chất liệu kim loại   Các mẫu đồng treo tường được thiết kế sáng tạo đang là xu hướng nội t..."
276132867, Đồng Hồ Treo Tường Pha Lê Tráng Gương Diamond 40cm Cao cấp Nội dung,3890000,0.0,0,Godinger,,https://tiki.vn/dong-ho-treo-tuong-pha-le-trang-guong-diamond-40cm-cao-cap-noi-dung-p276132867.html?spid=276132868,đồng hồ treo tường,Trang trí nhà cửa,9,Godinger,Telovietnam,Đồng hồ treo tường,"Đồng hồ treo tường gương vân kim cương Kích thước tròn: 40cm. Sử dụng Pin AA (Pin không bao gồm trong gói).Mặt trước được bao phủ bởi kính tráng gương màu bạc, các cạnh được đánh bóng tuyệt vời. Nghi..."
198340861,Đồng Hồ Treo Tường Phong cách Châu Âu Đẹp Nhất DH24050027,1480000,0.0,0,LOOKAT,,https://tiki.vn/dong-ho-treo-tuong-phong-cach-chau-au-dep-nhat-dh24050027-p198340861.html?spid=198340862,đồng hồ treo tường,Trang trí nhà cửa,9,LOOKAT,LOOKAT,Đồng hồ treo tường,"THÔNG SỐ CHI TIẾTLoại sản phẩm: chế tác thủ công Thương hiệu: Lookat  Phiên bản: Limited Hình dạng: Tròn Kích thước: Đường kính 45cm Độ dày: 2,5cm Khối lượng: 3kg Viền đồng hồ: Hợp kim, sơn tĩ..."
109019900,Đồng Hồ Treo Tường Décor Nhà Phong cách Hiện Đại - Sang Trọng DH12050032,1480000,0.0,0,LOOKAT,,https://tiki.vn/dong-ho-treo-tuong-che-tac-thu-cong-tu-go-size-45cm-dh12050032-p109019900.html?spid=109019903,đồng hồ treo tường,Trang trí nhà cửa,9,LOOKAT,LOOKAT,Đồng hồ treo tường,"THÔNG SỐ CHI TIẾT Loại sản phẩm: chế tác thủ côngThương hiệu: Lookat Phiên bản: LimitedHình dạng: TrònKích thước: Đường kính 45cmĐộ dày: 2,5cmKhối lượng: 3kgViền đồng hồ: Hợp kim, sơn tĩnh đ..."
109019807,Đồng Hồ Treo Tường Chế Tác Kim Trôi Phong Cách Hiện Đại Mới Nhất DH12050003,1850000,0.0,0,LOOKAT,,https://tiki.vn/dong-ho-treo-tuong-che-tac-thu-cong-tu-go-size-45cm-dh12050003-p109019807.html?spid=109019808,đồng hồ treo tường,Trang trí nhà cửa,9,LOOKAT,LOOKAT,Đồng hồ treo tường,"THÔNG SỐ CHI TIẾT Loại sản phẩm: chế tác thủ côngThương hiệu: Lookat Phiên bản: LimitedHình dạng: TrònKích thước: Đường kính 45cmĐộ dày: 2,5cmKhối lượng: 3kgViền đồng hồ: Hợp kim, sơn tĩnh đ..."
198340917,Đồng Hồ Treo Tường Chế Tác Trang Trí Đẹp Nhất  DH24050014,1850000,0.0,0,LOOKAT,,https://tiki.vn/dong-ho-treo-tuong-che-tac-trang-tri-dep-nhat-dh24050014-p198340917.html?spid=198340920,đồng hồ treo tường,Trang trí nhà cửa,9,LOOKAT,LOOKAT,Đồng hồ treo tường,"THÔNG SỐ CHI TIẾTLoại sản phẩm: chế tác thủ công Thương hiệu: Lookat  Phiên bản: Limited Hình dạng: Tròn Kích thước: Đường kính 45cm Độ dày: 2,5cm Khối lượng: 3kg Viền đồng hồ: Hợp kim, sơn tĩ..."
274836996,Đồng hồ treo tường trang trí hình mỏ neo 50cm,969000,0.0,0,TPG HOIAN CRAFTSHIPS,,https://tiki.vn/dong-ho-treo-tuong-trang-tri-hinh-mo-neo-50cm-p274836996.html?spid=274836997,đồng hồ treo tường,Trang trí nhà cửa,10,TPG HOIAN CRAFTSHIPS,TPG HOIAN CRAFTSHIPS,Đồng hồ treo tường,Chiếc đồng hồ treo tường hình MỎ NEO đem đến một màu sắc biển đảo đặc biệt cho KHÔNG GIAN SỐNG gia đình bạn.Chất liệu: bằng Gỗ Cẩm & Kiểu dáng đầy sang trọng và độc đáo.Được dùng trong trang tr...
275286464,Đồng Hồ Treo Tường KIM TRÔI EASTAR Cao Cấp Có DẠ QUANG Mặt Tròn 25cm - Tặng Pin MAXELL,329000,1.0,1,Eastar,,https://tiki.vn/dong-ho-treo-tuong-kim-troi-eastar-cao-cap-co-da-quang-mat-tron-25cm-tang-pin-maxell-p275286464.html?spid=35180131,đồng hồ treo tường,Trang trí nhà cửa,10,Eastar,Thế Giới Đồng Hồ Treo Tường,Nhà Cửa - Đời Sống,"ĐỒNG HỒ CAO CẤP KIM TRÔI CÓ DẠ QUANG - KÈM PIN MAXELL 1. ĐẶC ĐIỂM NỔI BẬT:- Đồng hồ Cao cấp có Dạ quang, máy đồng hồ Kim trôi mặt tròn Thương hiệu Eastar Đường kính 25 cm, dày 4,5 cm.- Thiết kế hi..."
198340873,Đồng Hồ Treo Tường Phong cách Châu Âu DH24050024,1480000,0.0,0,LOOKAT,,https://tiki.vn/dong-ho-treo-tuong-phong-cach-chau-au-dh24050024-p198340873.html?spid=198340874,đồng hồ treo tường,Trang trí nhà cửa,10,LOOKAT,LOOKAT,Đồng hồ treo tường,"THÔNG SỐ CHI TIẾTLoại sản phẩm: chế tác thủ công Thương hiệu: Lookat  Phiên bản: Limited Hình dạng: Tròn Kích thước: Đường kính 45cm Độ dày: 2,5cm Khối lượng: 3kg Viền đồng hồ: Hợp kim, sơn tĩ..."
109019839,Đồng Hồ Treo Tường Chế Tác Cao Cấp Xuất Khẩu DH12050046,1480000,0.0,0,LOOKAT,,https://tiki.vn/dong-ho-treo-tuong-che-tac-thu-cong-tu-go-size-45cm-dh12050046-p109019839.html?spid=109019840,đồng hồ treo tường,Trang trí nhà cửa,10,LOOKAT,LOOKAT,Đồng hồ treo tường,"THÔNG SỐ CHI TIẾT Loại sản phẩm: chế tác thủ côngThương hiệu: Lookat Phiên bản: LimitedHình dạng: TrònKích thước: Đường kính 45cmĐộ dày: 2,5cmKhối lượng: 3kgViền đồng hồ: Hợp kim, sơn tĩnh đ..."
31883513,Đồng Hồ Treo Tường Cao Cấp KIM TRÔI EASTAR – Số Nổi 3D – Tặng Pin MAXELL – BH 1 Năm,300000,0.0,0,Eastar,,https://tiki.vn/dong-ho-cao-cap-vien-xanh-duong-may-kim-troi-kem-pin-maxell-p31883513.html?spid=31883514,đồng hồ treo tường,Trang trí nhà cửa,10,Eastar,Thế Giới Đồng Hồ Treo Tường,Đồng hồ treo tường,"1. ĐẶC ĐIỂM NỔI BẬT:- Đồng hồ kiểu truyền thống Unisex, Mặt tròn Đường kính 31 cm, dày 4,5 cm.- Thiết kế với kiểu dáng hiện đại với bộ số dập nổi trực tiếp lên mặt đồng hồ, viền sơn tĩnh điện.- M..."
31889081,Đồng Hồ Treo Tường Cao Cấp KIM TRÔI EASTAR – Số Nổi 3D – Tặng Pin MAXELL – BH 1 Năm,269000,3.8,4,Eastar,,https://tiki.vn/dong-ho-cao-cap-vien-den-may-kim-troi-kem-pin-maxell-p31889081.html?spid=31889082,đồng hồ treo tường,Trang trí nhà cửa,10,Eastar,Thế Giới Đồng Hồ Treo Tường,Đồng hồ treo tường,"1. ĐẶC ĐIỂM NỔI BẬT:- Đồng hồ Cao cấp, Đồng hồ Kim Trôi kiểu truyền thống Unisex, Mặt tròn Đường kính 31 cm, dày 4,5 cm.- Thiết kế với kiểu dáng hiện đại với bộ số dập nổi trực tiếp lên mặt đồng h..."
109020101,Đồng Hồ Treo Tường Décor Nhà Phong cách Vintage Sang Trọng DH12050040,1850000,0.0,0,LOOKAT,,https://tiki.vn/dong-ho-treo-tuong-che-tac-thu-cong-tu-go-size-45cm-dh12050040-p109020101.html?spid=109020102,đồng hồ treo tường,Trang trí nhà cửa,10,LOOKAT,LOOKAT,Đồng hồ treo tường,"THÔNG SỐ CHI TIẾT Loại sản phẩm: chế tác thủ côngThương hiệu: Lookat Phiên bản: LimitedHình dạng: TrònKích thước: Đường kính 45cmĐộ dày: 2,5cmKhối lượng: 3kgViền đồng hồ: Hợp kim, sơn tĩnh đ..."
125740850,Đồng Hồ Treo Tường Chế Tác Phong cách Hiện Đại Cao Cấp DH24050061,1850000,0.0,0,LOOKAT,,https://tiki.vn/dong-ho-treo-tuong-che-tac-thu-cong-tu-go-size-45cm-dh24050061-p125740850.html?spid=125740851,đồng hồ treo tường,Trang trí nhà cửa,10,LOOKAT,LOOKAT,Đồng hồ treo tường,"THÔNG SỐ CHI TIẾT Loại sản phẩm: chế tác thủ côngThương hiệu: Lookat Phiên bản: LimitedHình dạng: TrònKích thước: Đường kính 45cmĐộ dày: 2,5cmKhối lượng: 3kgViền đồng hồ: Hợp kim, sơn tĩnh đ..."
157291868,Đồng hồ treo tường TRANG TRÍ mika tráng gương đường kính 35cm( MS 08),185000,0.0,0,OEM,,https://tiki.vn/dong-ho-treo-tuong-trang-tri-mika-trang-guong-duong-kinh-35cm-ms-08-p157291868.html?spid=276919522,đồng hồ treo tường,Trang trí nhà cửa,10,OEM,BINBIN SHOP,Đồng hồ treo tường,"SƠN DƯƠNG CLOCK! GIÁ IN TẠI XƯỞNG� Đồng hồ treo tường kim trôi� Đồng hồ treo tường kim trôi không chỉ là công cụ theo dõi giờ giấc mà còn là vật dụng trang trí nhà cửa. Mang lại sự thanh lịch, cao c..."
111932377,ĐỒNG HỒ TREO TƯỜNG TRANG TRÍ PHỦ PHA LÊ KT 35 CM(MS 20),210000,0.0,0,OEM,,https://tiki.vn/dong-ho-treo-tuong-trang-tri-phu-pha-le-kt-35-cm-ms-20-p111932377.html?spid=276926967,đồng hồ treo tường,Trang trí nhà cửa,10,OEM,BINBIN SHOP,Đồng hồ treo tường," Đồng hồ treo tường kim trôi Đồng hồ treo tường kim trôi mạ vàng không chỉ là công cụ theo dõi giờ giấc mà còn là vật dụng trang trí nhà cửa. Mang lại sự thanh lịch, cao cấp, dáng vẻ trẻ trung cho ng..."
